2026-02-02 10:00:55,754 - Knowledge - INFO - Created shared MongoDB connection pool
2026-02-02 10:00:55,756 - Knowledge - INFO - Starting Knowledge Graph processing with 20 threads
2026-02-02 10:00:55,758 - Knowledge - INFO - Initial configuration: chunk_size=65536, max_cache_size=500
2026-02-02 10:00:55,760 - Knowledge - INFO - Knowledge Graph concurrency configuration: workers=20, max_batch_size=10, max_concurrent_llm_calls=50
2026-02-02 10:00:57,025 - Knowledge - INFO - 🔍 _load_persisted_knowledge called - checking for Redis optimization
2026-02-02 10:00:57,026 - Knowledge - WARNING - ❌ load_from_redis method not found - Redis support not attached
2026-02-02 10:00:57,027 - Knowledge - INFO - load persisted knowledge: begin
2026-02-02 10:00:57,031 - Knowledge - INFO - Loaded 0 files from persisted knowledge
2026-02-02 10:00:57,031 - Knowledge - INFO - load persisted knowledge: end
2026-02-02 10:00:57,032 - Knowledge - WARNING - No persisted knowledge found. Files will be queued during start()
2026-02-02 10:00:57,044 - Knowledge - INFO - Redis support added with prefix knowledge:b3686k5:
2026-02-02 10:00:58,213 - Knowledge - INFO - Starting knowledge initialization for ID: fnDw8R-b3686k5
2026-02-02 10:00:58,214 - Knowledge - INFO - 🔍 Checking Redis for build_id: b3686k5
2026-02-02 10:00:58,215 - Knowledge - INFO - 🔍 Full session ID: fnDw8R-b3686k5
2026-02-02 10:00:58,215 - Knowledge - INFO - 🔍 Redis prefix will be: knowledge:b3686k5:
2026-02-02 10:00:58,217 - Knowledge - INFO - 🔍 Using attached load_from_redis() method
2026-02-02 10:00:58,217 - Knowledge - INFO - 🔍 Attempting to load knowledge from Redis...
2026-02-02 10:00:58,219 - Knowledge - INFO - 🔍 Using derived instance_id for Redis lookup: b3686k5
2026-02-02 10:00:58,224 - Knowledge - WARNING - ❌ No Redis cache found
2026-02-02 10:00:58,228 - Knowledge - INFO - 📁 Loading knowledge from disk...
2026-02-02 10:00:58,275 - Knowledge - INFO - load persisted docinfo: begin
2026-02-02 10:00:58,278 - Knowledge - INFO - load persisted docinfo: end
2026-02-02 10:00:58,279 - Knowledge - INFO - 🔍 _load_persisted_knowledge called - checking for Redis optimization
2026-02-02 10:00:58,279 - Knowledge - INFO - ✅ load_from_redis method found - attempting Redis load
2026-02-02 10:00:58,279 - Knowledge - INFO - 🔍 Attempting to load knowledge from Redis...
2026-02-02 10:00:58,280 - Knowledge - INFO - 🔍 Using derived instance_id for Redis lookup: b3686k5
2026-02-02 10:00:58,285 - Knowledge - WARNING - ❌ No Redis cache found
2026-02-02 10:00:58,285 - Knowledge - INFO - ❌ Redis load returned False - falling back to file loading
2026-02-02 10:00:58,286 - Knowledge - INFO - load persisted knowledge: begin
2026-02-02 10:00:58,288 - Knowledge - INFO - Loaded 0 files from persisted knowledge
2026-02-02 10:00:58,288 - Knowledge - INFO - load persisted knowledge: end
2026-02-02 10:00:58,289 - Knowledge - INFO - 📁 Disk load complete in 0.06s
2026-02-02 10:00:58,289 - Knowledge - INFO - Populating ingest queue with source files...
2026-02-02 10:00:58,906 - Knowledge - INFO - Added 474 files from /app/data/T0002/209001/b3686k5/wesnoth-209001 to ingest queue
2026-02-02 10:00:58,907 - Knowledge - INFO - [WEBSOCKET] Sent: Type=progress_update, Size: 160, Duration: 0ms
2026-02-02 10:00:58,908 - Knowledge - INFO - Worker kw1 created using shared MongoDB connection pool
2026-02-02 10:00:58,909 - Knowledge - INFO - knowledge worker kw1 start
2026-02-02 10:00:58,909 - Knowledge - INFO - Worker kw2 created using shared MongoDB connection pool
2026-02-02 10:00:58,910 - Knowledge - INFO - [kw1] Queue=474, InProgress=0, PendingWorkers=0/1, Completed=0/474 (0.0%)
2026-02-02 10:00:58,910 - Knowledge - INFO - knowledge worker kw2 start
2026-02-02 10:00:58,910 - Knowledge - INFO - Worker kw3 created using shared MongoDB connection pool
2026-02-02 10:00:58,911 - Knowledge - INFO - Batch sizing: calculated=6, max_allowed=10, queue=474, active_workers=0/2
2026-02-02 10:00:58,912 - Knowledge - INFO - knowledge worker kw3 start
2026-02-02 10:00:58,912 - Knowledge - INFO - [kw2] Queue=474, InProgress=0, PendingWorkers=0/2, Completed=0/474 (0.0%)
2026-02-02 10:00:58,913 - Knowledge - INFO - Worker kw4 created using shared MongoDB connection pool
2026-02-02 10:00:58,913 - Knowledge - INFO - Worker kw1 processing /app/data/T0002/209001/b3686k5/wesnoth-209001/src/game_config.cpp
2026-02-02 10:00:58,914 - Knowledge - INFO - Batch sizing: calculated=6, max_allowed=10, queue=474, active_workers=1/3
2026-02-02 10:00:58,915 - Knowledge - INFO - [kw3] Queue=468, InProgress=0, PendingWorkers=1/3, Completed=0/474 (0.0%)
2026-02-02 10:00:58,916 - Knowledge - INFO - knowledge worker kw4 start
2026-02-02 10:00:58,916 - Knowledge - INFO - Worker kw5 created using shared MongoDB connection pool
2026-02-02 10:00:58,917 - Knowledge - INFO - Worker kw1 processing /app/data/T0002/209001/b3686k5/wesnoth-209001/src/playturn.cpp
2026-02-02 10:00:58,918 - Knowledge - INFO - Worker kw2 processing /app/data/T0002/209001/b3686k5/wesnoth-209001/src/ai_interface.hpp
2026-02-02 10:00:58,918 - Knowledge - INFO - Batch sizing: calculated=6, max_allowed=10, queue=468, active_workers=2/4
2026-02-02 10:00:58,920 - Knowledge - INFO - [kw4] Queue=462, InProgress=0, PendingWorkers=2/4, Completed=0/474 (0.0%)
2026-02-02 10:00:58,920 - Knowledge - INFO - knowledge worker kw5 start
2026-02-02 10:00:58,921 - Knowledge - INFO - Worker kw6 created using shared MongoDB connection pool
2026-02-02 10:00:58,921 - Knowledge - INFO - Worker kw1 processing /app/data/T0002/209001/b3686k5/wesnoth-209001/src/network.hpp
2026-02-02 10:00:58,922 - Knowledge - INFO - Worker kw2 processing /app/data/T0002/209001/b3686k5/wesnoth-209001/src/ai.hpp
2026-02-02 10:00:58,924 - Knowledge - INFO - Worker kw3 processing /app/data/T0002/209001/b3686k5/wesnoth-209001/src/font.cpp
2026-02-02 10:00:58,925 - Knowledge - INFO - Batch sizing: calculated=6, max_allowed=10, queue=462, active_workers=3/5
2026-02-02 10:00:58,926 - Knowledge - INFO - knowledge worker kw6 start
2026-02-02 10:00:58,927 - Knowledge - INFO - Worker kw7 created using shared MongoDB connection pool
2026-02-02 10:00:58,928 - Knowledge - INFO - Worker kw1 processing /app/data/T0002/209001/b3686k5/wesnoth-209001/src/reports.cpp
2026-02-02 10:00:58,928 - Knowledge - INFO - Worker kw2 processing /app/data/T0002/209001/b3686k5/wesnoth-209001/src/multiplayer_lobby.cpp
2026-02-02 10:00:58,928 - Knowledge - INFO - [kw5] Queue=456, InProgress=0, PendingWorkers=3/6, Completed=0/474 (0.0%)
2026-02-02 10:00:58,929 - Knowledge - INFO - Worker kw3 processing /app/data/T0002/209001/b3686k5/wesnoth-209001/src/hotkeys.cpp
2026-02-02 10:00:58,930 - Knowledge - INFO - Worker kw4 processing /app/data/T0002/209001/b3686k5/wesnoth-209001/src/tooltips.hpp
2026-02-02 10:00:58,930 - Knowledge - INFO - knowledge worker kw7 start
2026-02-02 10:00:58,931 - Knowledge - INFO - Worker kw1 processing /app/data/T0002/209001/b3686k5/wesnoth-209001/src/sdl_ttf/SDL_ttf.h
2026-02-02 10:00:58,931 - Knowledge - INFO - Worker kw8 created using shared MongoDB connection pool
2026-02-02 10:00:58,934 - Knowledge - INFO - Batch sizing: calculated=6, max_allowed=10, queue=456, active_workers=4/7
2026-02-02 10:00:58,934 - Knowledge - INFO - Worker kw2 processing /app/data/T0002/209001/b3686k5/wesnoth-209001/src/log.hpp
2026-02-02 10:00:58,935 - Knowledge - INFO - Worker kw3 processing /app/data/T0002/209001/b3686k5/wesnoth-209001/src/titlescreen.hpp
2026-02-02 10:00:58,935 - Knowledge - INFO - Fast-tracked /app/data/T0002/209001/b3686k5/wesnoth-209001/src/tooltips.hpp (ext=.hpp, size=1049)
2026-02-02 10:00:58,936 - Knowledge - INFO - Worker kw1 processing /app/data/T0002/209001/b3686k5/wesnoth-209001/src/sdl_ttf/SDL_ttf.c
2026-02-02 10:00:58,937 - Knowledge - INFO - knowledge worker kw8 start
2026-02-02 10:00:58,937 - Knowledge - INFO - Worker kw5 processing /app/data/T0002/209001/b3686k5/wesnoth-209001/src/game_events.hpp
2026-02-02 10:00:58,938 - Knowledge - INFO - Worker kw9 created using shared MongoDB connection pool
2026-02-02 10:00:58,938 - Knowledge - INFO - Fast-tracked /app/data/T0002/209001/b3686k5/wesnoth-209001/src/log.hpp (ext=.hpp, size=1640)
2026-02-02 10:00:58,939 - Knowledge - INFO - Fast-tracked /app/data/T0002/209001/b3686k5/wesnoth-209001/src/titlescreen.hpp (ext=.hpp, size=774)
2026-02-02 10:00:58,939 - Knowledge - INFO - Worker kw4 processing /app/data/T0002/209001/b3686k5/wesnoth-209001/src/map.hpp
2026-02-02 10:00:58,941 - Knowledge - INFO - Worker kw5 processing /app/data/T0002/209001/b3686k5/wesnoth-209001/src/checksum.cpp
2026-02-02 10:00:58,941 - Knowledge - INFO - knowledge worker kw9 start
2026-02-02 10:00:58,941 - Knowledge - INFO - Worker kw10 created using shared MongoDB connection pool
2026-02-02 10:00:58,942 - Knowledge - INFO - Worker kw2 processing /app/data/T0002/209001/b3686k5/wesnoth-209001/src/team.cpp
2026-02-02 10:00:58,943 - Knowledge - INFO - Worker kw3 processing /app/data/T0002/209001/b3686k5/wesnoth-209001/src/mapgen_dialog.cpp
2026-02-02 10:00:58,943 - Knowledge - INFO - Worker kw4 processing /app/data/T0002/209001/b3686k5/wesnoth-209001/src/pathutils.hpp
2026-02-02 10:00:58,944 - Knowledge - INFO - Fast-tracked /app/data/T0002/209001/b3686k5/wesnoth-209001/src/checksum.cpp (ext=.cpp, size=1446)
2026-02-02 10:00:58,945 - Knowledge - INFO - knowledge worker kw10 start
2026-02-02 10:00:58,945 - Knowledge - INFO - Worker kw2 processing /app/data/T0002/209001/b3686k5/wesnoth-209001/src/video.cpp
2026-02-02 10:00:58,946 - Knowledge - INFO - Worker kw11 created using shared MongoDB connection pool
2026-02-02 10:00:58,946 - Knowledge - INFO - Fast-tracked /app/data/T0002/209001/b3686k5/wesnoth-209001/src/pathutils.hpp (ext=.hpp, size=1319)
2026-02-02 10:00:58,947 - Knowledge - INFO - Worker kw5 processing /app/data/T0002/209001/b3686k5/wesnoth-209001/src/cursor.hpp
2026-02-02 10:00:58,947 - Knowledge - INFO - Worker kw3 processing /app/data/T0002/209001/b3686k5/wesnoth-209001/src/builder.cpp
2026-02-02 10:00:58,948 - Knowledge - INFO - knowledge worker kw11 start
2026-02-02 10:00:58,948 - Knowledge - INFO - Worker kw4 processing /app/data/T0002/209001/b3686k5/wesnoth-209001/src/gamestatus.hpp
2026-02-02 10:00:58,949 - Knowledge - INFO - Worker kw12 created using shared MongoDB connection pool
2026-02-02 10:00:58,951 - Knowledge - INFO - [kw9] Queue=444, InProgress=0, PendingWorkers=5/11, Completed=0/474 (0.0%)
2026-02-02 10:00:58,952 - Knowledge - INFO - [kw7] Queue=444, InProgress=0, PendingWorkers=5/11, Completed=0/474 (0.0%)
2026-02-02 10:00:58,952 - Knowledge - INFO - [kw10] Queue=444, InProgress=0, PendingWorkers=5/11, Completed=0/474 (0.0%)
2026-02-02 10:00:58,952 - Knowledge - INFO - [kw8] Queue=444, InProgress=0, PendingWorkers=5/11, Completed=0/474 (0.0%)
2026-02-02 10:00:58,953 - Knowledge - INFO - Fast-tracked /app/data/T0002/209001/b3686k5/wesnoth-209001/src/cursor.hpp (ext=.hpp, size=901)
2026-02-02 10:00:58,954 - Knowledge - INFO - [kw6] Queue=444, InProgress=0, PendingWorkers=5/11, Completed=0/474 (0.0%)
2026-02-02 10:00:58,954 - Knowledge - INFO - Worker kw3 processing /app/data/T0002/209001/b3686k5/wesnoth-209001/src/preferences.hpp
2026-02-02 10:00:58,955 - Knowledge - INFO - Worker kw4 processing /app/data/T0002/209001/b3686k5/wesnoth-209001/src/filechooser.cpp
2026-02-02 10:00:58,956 - Knowledge - INFO - [kw11] Queue=444, InProgress=0, PendingWorkers=5/11, Completed=0/474 (0.0%)
2026-02-02 10:00:58,956 - Knowledge - INFO - knowledge worker kw12 start
2026-02-02 10:00:58,957 - Knowledge - INFO - Worker kw13 created using shared MongoDB connection pool
2026-02-02 10:00:58,959 - Knowledge - INFO - Batch sizing: calculated=6, max_allowed=10, queue=444, active_workers=5/12
2026-02-02 10:00:58,960 - Knowledge - INFO - Batch sizing: calculated=6, max_allowed=10, queue=444, active_workers=5/12
2026-02-02 10:00:58,961 - Knowledge - INFO - Batch sizing: calculated=6, max_allowed=10, queue=444, active_workers=5/12
2026-02-02 10:00:58,961 - Knowledge - INFO - Worker kw10 processing /app/data/T0002/209001/b3686k5/wesnoth-209001/src/zipios++/xcoll.hpp
2026-02-02 10:00:58,962 - Knowledge - INFO - Worker kw5 processing /app/data/T0002/209001/b3686k5/wesnoth-209001/src/network_worker.cpp
2026-02-02 10:00:58,964 - Knowledge - INFO - Batch sizing: calculated=6, max_allowed=10, queue=444, active_workers=6/12
2026-02-02 10:00:58,965 - Knowledge - INFO - Worker kw4 processing /app/data/T0002/209001/b3686k5/wesnoth-209001/src/pathfind.hpp
2026-02-02 10:00:58,967 - Knowledge - INFO - knowledge worker kw13 start
2026-02-02 10:00:58,968 - Knowledge - INFO - Worker kw14 created using shared MongoDB connection pool
2026-02-02 10:00:58,970 - Knowledge - INFO - Worker kw9 processing /app/data/T0002/209001/b3686k5/wesnoth-209001/src/image.cpp
2026-02-02 10:00:58,970 - Knowledge - INFO - Worker kw7 processing /app/data/T0002/209001/b3686k5/wesnoth-209001/src/about.cpp
2026-02-02 10:00:58,971 - Knowledge - INFO - [kw12] Queue=426, InProgress=0, PendingWorkers=8/13, Completed=0/474 (0.0%)
2026-02-02 10:00:58,972 - Knowledge - INFO - Batch sizing: calculated=6, max_allowed=10, queue=444, active_workers=8/13
2026-02-02 10:00:58,973 - Knowledge - INFO - Fast-tracked /app/data/T0002/209001/b3686k5/wesnoth-209001/src/zipios++/xcoll.hpp (ext=.hpp, size=857)
2026-02-02 10:00:58,974 - Knowledge - INFO - Worker kw6 processing /app/data/T0002/209001/b3686k5/wesnoth-209001/src/ai_attack.cpp
2026-02-02 10:00:58,975 - Knowledge - INFO - Worker kw5 processing /app/data/T0002/209001/b3686k5/wesnoth-209001/src/sdl_utils.cpp
2026-02-02 10:00:58,977 - Knowledge - INFO - Batch sizing: calculated=6, max_allowed=10, queue=444, active_workers=9/13
2026-02-02 10:00:58,988 - Knowledge - INFO - knowledge worker kw14 start
2026-02-02 10:00:58,989 - Knowledge - INFO - Worker kw15 created using shared MongoDB connection pool
2026-02-02 10:00:59,037 - Knowledge - INFO - Worker kw9 processing /app/data/T0002/209001/b3686k5/wesnoth-209001/src/tstring.cpp
2026-02-02 10:00:59,042 - Knowledge - INFO - [kw13] Queue=420, InProgress=0, PendingWorkers=9/14, Completed=0/474 (0.0%)
2026-02-02 10:00:59,050 - Knowledge - INFO - Worker kw7 processing /app/data/T0002/209001/b3686k5/wesnoth-209001/src/playcampaign.hpp
2026-02-02 10:00:59,053 - Knowledge - INFO - Batch sizing: calculated=6, max_allowed=10, queue=426, active_workers=9/14
2026-02-02 10:00:59,054 - Knowledge - INFO - Split /app/data/T0002/209001/b3686k5/wesnoth-209001/src/playturn.cpp (90568 bytes) into 3 chunks of ~32KB
2026-02-02 10:00:59,063 - Knowledge - INFO - Worker kw8 processing /app/data/T0002/209001/b3686k5/wesnoth-209001/src/multiplayer_wait.hpp
2026-02-02 10:00:59,070 - Knowledge - INFO - Worker kw10 processing /app/data/T0002/209001/b3686k5/wesnoth-209001/src/zipios++/xcoll.cpp
2026-02-02 10:00:59,074 - Knowledge - INFO - Worker kw6 processing /app/data/T0002/209001/b3686k5/wesnoth-209001/src/intro.hpp
2026-02-02 10:00:59,076 - Knowledge - INFO - Worker kw11 processing /app/data/T0002/209001/b3686k5/wesnoth-209001/src/cavegen.cpp
2026-02-02 10:00:59,077 - Knowledge - INFO - Worker kw5 processing /app/data/T0002/209001/b3686k5/wesnoth-209001/src/util.hpp
2026-02-02 10:00:59,080 - Knowledge - INFO - [kw14] Queue=408, InProgress=0, PendingWorkers=11/14, Completed=0/474 (0.0%)
2026-02-02 10:00:59,083 - Knowledge - INFO - knowledge worker kw15 start
2026-02-02 10:00:59,084 - Knowledge - INFO - Worker kw16 created using shared MongoDB connection pool
2026-02-02 10:00:59,086 - Knowledge - INFO - Worker kw9 processing /app/data/T0002/209001/b3686k5/wesnoth-209001/src/multiplayer_create.cpp
2026-02-02 10:00:59,087 - Knowledge - INFO - Batch sizing: calculated=6, max_allowed=10, queue=420, active_workers=11/15
2026-02-02 10:00:59,088 - Knowledge - INFO - Fast-tracked /app/data/T0002/209001/b3686k5/wesnoth-209001/src/playcampaign.hpp (ext=.hpp, size=905)
2026-02-02 10:00:59,088 - Knowledge - INFO - Worker kw12 processing /app/data/T0002/209001/b3686k5/wesnoth-209001/src/wassert.cpp
2026-02-02 10:00:59,092 - Knowledge - INFO - Worker kw10 processing /app/data/T0002/209001/b3686k5/wesnoth-209001/src/playlevel.hpp
2026-02-02 10:00:59,128 - Knowledge - INFO - Fast-tracked /app/data/T0002/209001/b3686k5/wesnoth-209001/src/multiplayer_wait.hpp (ext=.hpp, size=1924)
2026-02-02 10:00:59,134 - Knowledge - INFO - Fast-tracked /app/data/T0002/209001/b3686k5/wesnoth-209001/src/intro.hpp (ext=.hpp, size=1023)
2026-02-02 10:00:59,136 - Knowledge - INFO - Fast-tracked /app/data/T0002/209001/b3686k5/wesnoth-209001/src/filechooser.cpp (small file (2645 bytes))
2026-02-02 10:00:59,142 - Knowledge - INFO - Worker kw11 processing /app/data/T0002/209001/b3686k5/wesnoth-209001/src/language.hpp
2026-02-02 10:00:59,158 - Knowledge - INFO - Fast-tracked /app/data/T0002/209001/b3686k5/wesnoth-209001/src/game_events.hpp (small file (2671 bytes))
2026-02-02 10:00:59,159 - Knowledge - INFO - Batch sizing: calculated=6, max_allowed=10, queue=408, active_workers=12/15
2026-02-02 10:00:59,178 - Knowledge - INFO - [kw15] Queue=402, InProgress=0, PendingWorkers=12/15, Completed=0/474 (0.0%)
2026-02-02 10:00:59,179 - Knowledge - INFO - knowledge worker kw16 start
2026-02-02 10:00:59,180 - Knowledge - INFO - Worker kw9 processing /app/data/T0002/209001/b3686k5/wesnoth-209001/src/display.hpp
2026-02-02 10:00:59,180 - Knowledge - INFO - Worker kw13 processing /app/data/T0002/209001/b3686k5/wesnoth-209001/src/unit.hpp
2026-02-02 10:00:59,181 - Knowledge - INFO - Worker kw17 created using shared MongoDB connection pool
2026-02-02 10:00:59,458 - Knowledge - INFO - Worker kw7 processing /app/data/T0002/209001/b3686k5/wesnoth-209001/src/game_errors.hpp
2026-02-02 10:00:59,462 - Knowledge - INFO - Fast-tracked /app/data/T0002/209001/b3686k5/wesnoth-209001/src/wassert.cpp (ext=.cpp, size=676)
2026-02-02 10:00:59,467 - Knowledge - INFO - Fast-tracked /app/data/T0002/209001/b3686k5/wesnoth-209001/src/playlevel.hpp (ext=.hpp, size=1155)
2026-02-02 10:00:59,476 - Knowledge - INFO - Worker kw8 processing /app/data/T0002/209001/b3686k5/wesnoth-209001/src/multiplayer_connect.cpp
2026-02-02 10:00:59,481 - Knowledge - INFO - Worker kw6 processing /app/data/T0002/209001/b3686k5/wesnoth-209001/src/ai2.hpp
2026-02-02 10:00:59,488 - Knowledge - INFO - Worker kw11 processing /app/data/T0002/209001/b3686k5/wesnoth-209001/src/boilerplate-header.cpp
2026-02-02 10:00:59,523 - Knowledge - INFO - Worker kw14 processing /app/data/T0002/209001/b3686k5/wesnoth-209001/src/serialization/string_utils.cpp
2026-02-02 10:00:59,527 - Knowledge - INFO - Batch sizing: calculated=6, max_allowed=10, queue=402, active_workers=14/16
2026-02-02 10:00:59,537 - Knowledge - INFO - [kw16] Queue=390, InProgress=0, PendingWorkers=14/16, Completed=0/474 (0.0%)
2026-02-02 10:00:59,538 - Knowledge - INFO - Worker kw9 processing /app/data/T0002/209001/b3686k5/wesnoth-209001/src/config.hpp
2026-02-02 10:00:59,552 - Knowledge - INFO - Worker kw13 processing /app/data/T0002/209001/b3686k5/wesnoth-209001/src/show_dialog.hpp
2026-02-02 10:00:59,560 - Knowledge - INFO - knowledge worker kw17 start
2026-02-02 10:00:59,561 - Knowledge - INFO - Worker kw18 created using shared MongoDB connection pool
2026-02-02 10:00:59,563 - Knowledge - INFO - Fast-tracked /app/data/T0002/209001/b3686k5/wesnoth-209001/src/game_errors.hpp (ext=.hpp, size=1577)
2026-02-02 10:00:59,565 - Knowledge - INFO - Worker kw12 processing /app/data/T0002/209001/b3686k5/wesnoth-209001/src/multiplayer_ui.cpp
2026-02-02 10:00:59,568 - Knowledge - INFO - Worker kw10 processing /app/data/T0002/209001/b3686k5/wesnoth-209001/src/theme.cpp
2026-02-02 10:00:59,571 - Knowledge - INFO - Worker kw8 processing /app/data/T0002/209001/b3686k5/wesnoth-209001/src/map_create.cpp
2026-02-02 10:00:59,572 - Knowledge - INFO - Fast-tracked /app/data/T0002/209001/b3686k5/wesnoth-209001/src/ai2.hpp (ext=.hpp, size=657)
2026-02-02 10:00:59,578 - Knowledge - INFO - Fast-tracked /app/data/T0002/209001/b3686k5/wesnoth-209001/src/boilerplate-header.cpp (ext=.cpp, size=418)
2026-02-02 10:00:59,582 - Knowledge - INFO - Worker kw15 processing /app/data/T0002/209001/b3686k5/wesnoth-209001/src/serialization/tokenizer.hpp
2026-02-02 10:00:59,585 - Knowledge - INFO - Worker kw14 processing /app/data/T0002/209001/b3686k5/wesnoth-209001/src/serialization/preprocessor.cpp
2026-02-02 10:00:59,589 - Knowledge - INFO - Batch sizing: calculated=6, max_allowed=10, queue=390, active_workers=15/17
2026-02-02 10:00:59,591 - Knowledge - INFO - Fast-tracked /app/data/T0002/209001/b3686k5/wesnoth-209001/src/util.hpp (small file (2904 bytes))
2026-02-02 10:00:59,592 - Knowledge - INFO - Worker kw9 processing /app/data/T0002/209001/b3686k5/wesnoth-209001/src/variable.hpp
2026-02-02 10:00:59,593 - Knowledge - INFO - Worker kw13 processing /app/data/T0002/209001/b3686k5/wesnoth-209001/src/unit_display.cpp
2026-02-02 10:00:59,626 - Knowledge - INFO - [kw17] Queue=384, InProgress=0, PendingWorkers=15/17, Completed=0/474 (0.0%)
2026-02-02 10:00:59,627 - Knowledge - INFO - knowledge worker kw18 start
2026-02-02 10:00:59,628 - Knowledge - INFO - Worker kw19 created using shared MongoDB connection pool
2026-02-02 10:00:59,629 - Knowledge - INFO - Worker kw7 processing /app/data/T0002/209001/b3686k5/wesnoth-209001/src/statistics.cpp
2026-02-02 10:00:59,630 - Knowledge - INFO - Worker kw12 processing /app/data/T0002/209001/b3686k5/wesnoth-209001/src/filesystem.cpp
2026-02-02 10:00:59,631 - Knowledge - INFO - Worker kw10 processing /app/data/T0002/209001/b3686k5/wesnoth-209001/src/dialogs.cpp
2026-02-02 10:00:59,632 - Knowledge - INFO - Worker kw8 processing /app/data/T0002/209001/b3686k5/wesnoth-209001/src/key.cpp
2026-02-02 10:00:59,632 - Knowledge - INFO - Worker kw6 processing /app/data/T0002/209001/b3686k5/wesnoth-209001/src/random.cpp
2026-02-02 10:00:59,634 - Knowledge - INFO - Worker kw11 processing /app/data/T0002/209001/b3686k5/wesnoth-209001/src/unit_types.hpp
2026-02-02 10:00:59,635 - Knowledge - INFO - Fast-tracked /app/data/T0002/209001/b3686k5/wesnoth-209001/src/serialization/tokenizer.hpp (ext=.hpp, size=1276)
2026-02-02 10:00:59,635 - Knowledge - INFO - Worker kw14 processing /app/data/T0002/209001/b3686k5/wesnoth-209001/src/serialization/tokenizer.cpp
2026-02-02 10:00:59,636 - Knowledge - INFO - Worker kw16 processing /app/data/T0002/209001/b3686k5/wesnoth-209001/src/replay.cpp
2026-02-02 10:00:59,639 - Knowledge - INFO - Fast-tracked /app/data/T0002/209001/b3686k5/wesnoth-209001/src/variable.hpp (ext=.hpp, size=1746)
2026-02-02 10:00:59,640 - Knowledge - INFO - Worker kw13 processing /app/data/T0002/209001/b3686k5/wesnoth-209001/src/clipboard.hpp
2026-02-02 10:00:59,643 - Knowledge - INFO - Batch sizing: calculated=6, max_allowed=10, queue=384, active_workers=16/18
2026-02-02 10:00:59,644 - Knowledge - INFO - [kw18] Queue=378, InProgress=0, PendingWorkers=16/18, Completed=0/474 (0.0%)
2026-02-02 10:00:59,645 - Knowledge - INFO - knowledge worker kw19 start
2026-02-02 10:00:59,648 - Knowledge - INFO - Worker kw20 created using shared MongoDB connection pool
2026-02-02 10:00:59,650 - Knowledge - INFO - Worker kw7 processing /app/data/T0002/209001/b3686k5/wesnoth-209001/src/publish_campaign.hpp
2026-02-02 10:00:59,651 - Knowledge - INFO - Worker kw12 processing /app/data/T0002/209001/b3686k5/wesnoth-209001/src/events.cpp
2026-02-02 10:00:59,654 - Knowledge - INFO - Worker kw10 processing /app/data/T0002/209001/b3686k5/wesnoth-209001/src/animated.cpp
2026-02-02 10:00:59,654 - Knowledge - INFO - Fast-tracked /app/data/T0002/209001/b3686k5/wesnoth-209001/src/key.cpp (ext=.cpp, size=734)
2026-02-02 10:00:59,655 - Knowledge - INFO - Worker kw6 processing /app/data/T0002/209001/b3686k5/wesnoth-209001/src/actions.cpp
2026-02-02 10:00:59,657 - Knowledge - INFO - Worker kw11 processing /app/data/T0002/209001/b3686k5/wesnoth-209001/src/help.cpp
2026-02-02 10:00:59,660 - Knowledge - INFO - Worker kw15 processing /app/data/T0002/209001/b3686k5/wesnoth-209001/src/serialization/binary_wml.cpp
2026-02-02 10:00:59,662 - Knowledge - INFO - Worker kw14 processing /app/data/T0002/209001/b3686k5/wesnoth-209001/src/serialization/binary_or_text.cpp
2026-02-02 10:00:59,663 - Knowledge - INFO - Fast-tracked /app/data/T0002/209001/b3686k5/wesnoth-209001/src/clipboard.hpp (ext=.hpp, size=840)
2026-02-02 10:00:59,664 - Knowledge - INFO - Worker kw16 processing /app/data/T0002/209001/b3686k5/wesnoth-209001/src/map_label.cpp
2026-02-02 10:00:59,664 - Knowledge - INFO - Worker kw17 processing /app/data/T0002/209001/b3686k5/wesnoth-209001/src/race.hpp
2026-02-02 10:00:59,668 - Knowledge - INFO - Batch sizing: calculated=6, max_allowed=10, queue=378, active_workers=17/19
2026-02-02 10:00:59,669 - Knowledge - INFO - [kw19] Queue=372, InProgress=0, PendingWorkers=17/19, Completed=0/474 (0.0%)
2026-02-02 10:00:59,670 - Knowledge - INFO - knowledge worker kw20 start
2026-02-02 10:00:59,678 - Knowledge - INFO - Worker kw12 processing /app/data/T0002/209001/b3686k5/wesnoth-209001/src/terrain.cpp
2026-02-02 10:00:59,679 - Knowledge - INFO - Fast-tracked /app/data/T0002/209001/b3686k5/wesnoth-209001/src/publish_campaign.hpp (ext=.hpp, size=985)
2026-02-02 10:00:59,726 - Knowledge - INFO - Worker kw8 processing /app/data/T0002/209001/b3686k5/wesnoth-209001/src/sound.cpp
2026-02-02 10:00:59,736 - Knowledge - INFO - Fast-tracked /app/data/T0002/209001/b3686k5/wesnoth-209001/src/zipios++/xcoll.cpp (small file (2122 bytes))
2026-02-02 10:00:59,739 - Knowledge - INFO - Worker kw6 processing /app/data/T0002/209001/b3686k5/wesnoth-209001/src/astarnode.cpp
2026-02-02 10:00:59,741 - Knowledge - INFO - Worker kw15 processing /app/data/T0002/209001/b3686k5/wesnoth-209001/src/serialization/preprocessor.hpp
2026-02-02 10:00:59,742 - Knowledge - INFO - Worker kw11 processing /app/data/T0002/209001/b3686k5/wesnoth-209001/src/mouse.cpp
2026-02-02 10:00:59,743 - Knowledge - INFO - Fast-tracked /app/data/T0002/209001/b3686k5/wesnoth-209001/src/serialization/binary_or_text.cpp (ext=.cpp, size=1048)
2026-02-02 10:00:59,751 - Knowledge - INFO - Worker kw13 processing /app/data/T0002/209001/b3686k5/wesnoth-209001/src/campaign_server/campaign_server.cpp
2026-02-02 10:00:59,758 - Knowledge - INFO - Worker kw16 processing /app/data/T0002/209001/b3686k5/wesnoth-209001/src/thread.hpp
2026-02-02 10:00:59,760 - Knowledge - INFO - Fast-tracked /app/data/T0002/209001/b3686k5/wesnoth-209001/src/race.hpp (ext=.hpp, size=1288)
2026-02-02 10:00:59,761 - Knowledge - INFO - Worker kw18 processing /app/data/T0002/209001/b3686k5/wesnoth-209001/src/tools/exploder_utils.hpp
2026-02-02 10:00:59,764 - Knowledge - INFO - Batch sizing: calculated=6, max_allowed=10, queue=372, active_workers=18/20
2026-02-02 10:00:59,766 - Knowledge - INFO - [kw20] Queue=366, InProgress=0, PendingWorkers=18/20, Completed=0/474 (0.0%)
2026-02-02 10:00:59,767 - Knowledge - INFO - Worker kw12 processing /app/data/T0002/209001/b3686k5/wesnoth-209001/src/gettext.cpp
2026-02-02 10:00:59,768 - Knowledge - INFO - Worker kw7 processing /app/data/T0002/209001/b3686k5/wesnoth-209001/src/race.cpp
2026-02-02 10:00:59,773 - Knowledge - INFO - Worker kw8 processing /app/data/T0002/209001/b3686k5/wesnoth-209001/src/halo.hpp
2026-02-02 10:00:59,778 - Knowledge - INFO - Fast-tracked /app/data/T0002/209001/b3686k5/wesnoth-209001/src/serialization/preprocessor.hpp (ext=.hpp, size=1584)
2026-02-02 10:00:59,778 - Knowledge - INFO - Worker kw14 processing /app/data/T0002/209001/b3686k5/wesnoth-209001/src/serialization/binary_wml.hpp
2026-02-02 10:00:59,778 - Knowledge - INFO - Fast-tracked /app/data/T0002/209001/b3686k5/wesnoth-209001/src/mouse.cpp (ext=.cpp, size=912)
2026-02-02 10:00:59,779 - Knowledge - INFO - Worker kw13 processing /app/data/T0002/209001/b3686k5/wesnoth-209001/src/mapgen.hpp
2026-02-02 10:00:59,785 - Knowledge - INFO - Worker kw16 processing /app/data/T0002/209001/b3686k5/wesnoth-209001/src/multiplayer.hpp
2026-02-02 10:00:59,794 - Knowledge - INFO - Worker kw17 processing /app/data/T0002/209001/b3686k5/wesnoth-209001/src/tools/exploder_composer.hpp
2026-02-02 10:00:59,836 - Knowledge - INFO - Fast-tracked /app/data/T0002/209001/b3686k5/wesnoth-209001/src/tools/exploder_utils.hpp (ext=.hpp, size=1291)
2026-02-02 10:00:59,837 - Knowledge - INFO - Worker kw19 processing /app/data/T0002/209001/b3686k5/wesnoth-209001/src/clipboard.cpp
2026-02-02 10:00:59,839 - Knowledge - INFO - Batch sizing: calculated=6, max_allowed=10, queue=366, active_workers=19/20
2026-02-02 10:00:59,845 - Knowledge - INFO - Fast-tracked /app/data/T0002/209001/b3686k5/wesnoth-209001/src/gettext.cpp (ext=.cpp, size=1110)
2026-02-02 10:00:59,846 - Knowledge - INFO - Fast-tracked /app/data/T0002/209001/b3686k5/wesnoth-209001/src/halo.hpp (ext=.hpp, size=1417)
2026-02-02 10:00:59,852 - Knowledge - INFO - Worker kw15 processing /app/data/T0002/209001/b3686k5/wesnoth-209001/src/serialization/string_utils.hpp
2026-02-02 10:00:59,866 - Knowledge - INFO - Fast-tracked /app/data/T0002/209001/b3686k5/wesnoth-209001/src/serialization/binary_wml.hpp (ext=.hpp, size=1615)
2026-02-02 10:00:59,874 - Knowledge - INFO - Fast-tracked /app/data/T0002/209001/b3686k5/wesnoth-209001/src/mapgen.hpp (ext=.hpp, size=1770)
2026-02-02 10:00:59,880 - Knowledge - INFO - Fast-tracked /app/data/T0002/209001/b3686k5/wesnoth-209001/src/multiplayer.hpp (ext=.hpp, size=1536)
2026-02-02 10:00:59,892 - Knowledge - INFO - Split /app/data/T0002/209001/b3686k5/wesnoth-209001/src/actions.cpp (66413 bytes) into 3 chunks of ~32KB
2026-02-02 10:00:59,933 - Knowledge - INFO - Fast-tracked /app/data/T0002/209001/b3686k5/wesnoth-209001/src/tools/exploder_composer.hpp (ext=.hpp, size=785)
2026-02-02 10:00:59,936 - Knowledge - INFO - Worker kw18 processing /app/data/T0002/209001/b3686k5/wesnoth-209001/src/tools/key_test.cpp
2026-02-02 10:00:59,943 - Knowledge - INFO - Worker kw19 processing /app/data/T0002/209001/b3686k5/wesnoth-209001/src/show_dialog.cpp
2026-02-02 10:00:59,945 - Knowledge - INFO - Worker kw20 processing /app/data/T0002/209001/b3686k5/wesnoth-209001/src/wml_separators.hpp
2026-02-02 10:00:59,949 - Knowledge - INFO - Fast-tracked /app/data/T0002/209001/b3686k5/wesnoth-209001/src/language.hpp (small file (2149 bytes))
2026-02-02 10:00:59,956 - Knowledge - INFO - Fast-tracked /app/data/T0002/209001/b3686k5/wesnoth-209001/src/race.cpp (small file (0 bytes))
2026-02-02 10:00:59,959 - Knowledge - INFO - Worker kw15 processing /app/data/T0002/209001/b3686k5/wesnoth-209001/src/serialization/parser.hpp
2026-02-02 10:00:59,960 - Knowledge - INFO - Worker kw14 processing /app/data/T0002/209001/b3686k5/wesnoth-209001/src/serialization/parser.cpp
2026-02-02 10:00:59,961 - Knowledge - INFO - Worker kw16 processing /app/data/T0002/209001/b3686k5/wesnoth-209001/src/leader_list.hpp
2026-02-02 10:00:59,965 - Knowledge - INFO - Worker kw17 processing /app/data/T0002/209001/b3686k5/wesnoth-209001/src/tools/cutter.cpp
2026-02-02 10:00:59,982 - Knowledge - INFO - Fast-tracked /app/data/T0002/209001/b3686k5/wesnoth-209001/src/tools/key_test.cpp (ext=.cpp, size=719)
2026-02-02 10:00:59,988 - Knowledge - INFO - Fast-tracked /app/data/T0002/209001/b3686k5/wesnoth-209001/src/map_create.cpp (small file (2181 bytes))
2026-02-02 10:01:00,030 - Knowledge - INFO - Worker kw19 processing /app/data/T0002/209001/b3686k5/wesnoth-209001/src/tstring.hpp
2026-02-02 10:01:00,033 - Knowledge - INFO - Fast-tracked /app/data/T0002/209001/b3686k5/wesnoth-209001/src/wml_separators.hpp (ext=.hpp, size=899)
2026-02-02 10:01:00,080 - Knowledge - INFO - Fast-tracked /app/data/T0002/209001/b3686k5/wesnoth-209001/src/serialization/parser.hpp (ext=.hpp, size=826)
2026-02-02 10:01:00,091 - Knowledge - INFO - Worker kw17 processing /app/data/T0002/209001/b3686k5/wesnoth-209001/src/tools/exploder_utils.cpp
2026-02-02 10:01:00,092 - Knowledge - INFO - Fast-tracked /app/data/T0002/209001/b3686k5/wesnoth-209001/src/leader_list.hpp (ext=.hpp, size=1051)
2026-02-02 10:01:00,093 - Knowledge - INFO - Worker kw18 processing /app/data/T0002/209001/b3686k5/wesnoth-209001/src/tools/dummy_video.cpp
2026-02-02 10:01:00,099 - Knowledge - INFO - Worker kw20 processing /app/data/T0002/209001/b3686k5/wesnoth-209001/src/checksum.hpp
2026-02-02 10:01:00,101 - Knowledge - INFO - Worker kw15 processing /app/data/T0002/209001/b3686k5/wesnoth-209001/src/serialization/binary_or_text.hpp
2026-02-02 10:01:00,102 - Knowledge - INFO - Worker kw19 processing /app/data/T0002/209001/b3686k5/wesnoth-209001/src/unit.cpp
2026-02-02 10:01:00,103 - Knowledge - INFO - Split /app/data/T0002/209001/b3686k5/wesnoth-209001/src/help.cpp (83842 bytes) into 3 chunks of ~32KB
2026-02-02 10:01:00,128 - Knowledge - INFO - Worker kw17 processing /app/data/T0002/209001/b3686k5/wesnoth-209001/src/tools/exploder.cpp
2026-02-02 10:01:00,139 - Knowledge - INFO - Worker kw16 processing /app/data/T0002/209001/b3686k5/wesnoth-209001/src/about.hpp
2026-02-02 10:01:00,151 - Knowledge - INFO - Fast-tracked /app/data/T0002/209001/b3686k5/wesnoth-209001/src/tools/dummy_video.cpp (ext=.cpp, size=640)
2026-02-02 10:01:00,159 - Knowledge - INFO - Fast-tracked /app/data/T0002/209001/b3686k5/wesnoth-209001/src/checksum.hpp (ext=.hpp, size=1104)
2026-02-02 10:01:00,165 - Knowledge - INFO - Fast-tracked /app/data/T0002/209001/b3686k5/wesnoth-209001/src/serialization/binary_or_text.hpp (ext=.hpp, size=1168)
2026-02-02 10:01:00,166 - Knowledge - INFO - Worker kw19 processing /app/data/T0002/209001/b3686k5/wesnoth-209001/src/ai_move.cpp
2026-02-02 10:01:00,186 - Knowledge - INFO - Fast-tracked /app/data/T0002/209001/b3686k5/wesnoth-209001/src/tools/exploder.cpp (ext=.cpp, size=1652)
2026-02-02 10:01:00,187 - Knowledge - INFO - Fast-tracked /app/data/T0002/209001/b3686k5/wesnoth-209001/src/about.hpp (ext=.hpp, size=619)
2026-02-02 10:01:00,188 - Knowledge - INFO - Worker kw18 processing /app/data/T0002/209001/b3686k5/wesnoth-209001/src/tools/exploder_composer.cpp
2026-02-02 10:01:00,189 - Knowledge - INFO - Worker kw20 processing /app/data/T0002/209001/b3686k5/wesnoth-209001/src/mapgen.cpp
2026-02-02 10:01:00,232 - Knowledge - INFO - Worker kw19 processing /app/data/T0002/209001/b3686k5/wesnoth-209001/src/multiplayer_create.hpp
2026-02-02 10:01:00,243 - Knowledge - INFO - Worker kw17 processing /app/data/T0002/209001/b3686k5/wesnoth-209001/src/tools/exploder_cutter.cpp
2026-02-02 10:01:00,259 - Knowledge - INFO - Worker kw18 processing /app/data/T0002/209001/b3686k5/wesnoth-209001/src/tools/exploder_cutter.hpp
2026-02-02 10:01:00,265 - Knowledge - INFO - Worker kw20 processing /app/data/T0002/209001/b3686k5/wesnoth-209001/src/image.hpp
2026-02-02 10:01:00,281 - Knowledge - INFO - Fast-tracked /app/data/T0002/209001/b3686k5/wesnoth-209001/src/tools/exploder_cutter.hpp (ext=.hpp, size=1446)
2026-02-02 10:01:00,287 - Knowledge - INFO - Worker kw18 processing /app/data/T0002/209001/b3686k5/wesnoth-209001/src/statistics.hpp
2026-02-02 10:01:00,287 - Knowledge - INFO - Worker kw20 processing /app/data/T0002/209001/b3686k5/wesnoth-209001/src/leader_list.cpp
2026-02-02 10:01:00,288 - Knowledge - INFO - Fast-tracked /app/data/T0002/209001/b3686k5/wesnoth-209001/src/tools/cutter.cpp (small file (2307 bytes))
2026-02-02 10:01:00,326 - Knowledge - INFO - Worker kw20 processing /app/data/T0002/209001/b3686k5/wesnoth-209001/src/multiplayer.cpp
2026-02-02 10:01:00,329 - Knowledge - INFO - Fast-tracked /app/data/T0002/209001/b3686k5/wesnoth-209001/src/tools/exploder_composer.cpp (small file (2482 bytes))
2026-02-02 10:01:00,352 - Knowledge - INFO - Fast-tracked /app/data/T0002/209001/b3686k5/wesnoth-209001/src/statistics.hpp (small file (2420 bytes))
2026-02-02 10:01:00,462 - Knowledge - INFO - Fast-tracked /app/data/T0002/209001/b3686k5/wesnoth-209001/src/tstring.hpp (small file (2776 bytes))
2026-02-02 10:01:00,549 - Knowledge - INFO - Fast-tracked /app/data/T0002/209001/b3686k5/wesnoth-209001/src/multiplayer_create.hpp (small file (2672 bytes))
2026-02-02 10:01:00,653 - Knowledge - INFO - Processing batch of 6 files
2026-02-02 10:01:00,653 - Knowledge - INFO - process ingested knowledge for /app/data/T0002/209001/b3686k5/wesnoth-209001/src/tools/exploder_utils.hpp
2026-02-02 10:01:00,654 - Knowledge - INFO - process ingested knowledge for /app/data/T0002/209001/b3686k5/wesnoth-209001/src/tools/key_test.cpp
2026-02-02 10:01:00,656 - Knowledge - INFO - process ingested knowledge for /app/data/T0002/209001/b3686k5/wesnoth-209001/src/tools/dummy_video.cpp
2026-02-02 10:01:00,660 - Knowledge - INFO - process ingested knowledge for /app/data/T0002/209001/b3686k5/wesnoth-209001/src/tools/exploder_composer.cpp
2026-02-02 10:01:00,660 - Knowledge - INFO - process ingested knowledge for /app/data/T0002/209001/b3686k5/wesnoth-209001/src/tools/exploder_cutter.hpp
2026-02-02 10:01:00,661 - Knowledge - INFO - process ingested knowledge for /app/data/T0002/209001/b3686k5/wesnoth-209001/src/statistics.hpp
2026-02-02 10:01:06,793 - Knowledge - INFO - [WEBSOCKET] Sent: Type=progress_update, Size: 290, Duration: 0ms
2026-02-02 10:01:06,856 - Knowledge - INFO - [WEBSOCKET] Sent: Type=unknown, Size: ?, Duration: 63ms
2026-02-02 10:01:06,856 - Knowledge - INFO - Progress: 1.3% | Files: 6/474 | Rate: 0.54 files/sec | Queue: 354
2026-02-02 10:01:06,869 - Knowledge - INFO - [kw18] Queue=354, InProgress=0, PendingWorkers=20/20, Completed=6/474 (1.3%)
2026-02-02 10:01:06,880 - Knowledge - INFO - Batch sizing: calculated=6, max_allowed=10, queue=354, active_workers=20/20
2026-02-02 10:01:06,892 - Knowledge - INFO - Async storing batch of 6 embeddings
2026-02-02 10:01:06,935 - Knowledge - INFO - Worker kw18 processing /app/data/T0002/209001/b3686k5/wesnoth-209001/src/animated.hpp
2026-02-02 10:01:07,146 - Knowledge - INFO - Worker kw18 processing /app/data/T0002/209001/b3686k5/wesnoth-209001/src/theme.hpp
2026-02-02 10:01:07,188 - Knowledge - INFO - Worker kw18 processing /app/data/T0002/209001/b3686k5/wesnoth-209001/src/dialogs.hpp
2026-02-02 10:01:07,276 - Knowledge - INFO - Worker kw18 processing /app/data/T0002/209001/b3686k5/wesnoth-209001/src/thread.cpp
2026-02-02 10:01:07,350 - Knowledge - INFO - Worker kw18 processing /app/data/T0002/209001/b3686k5/wesnoth-209001/src/network_worker.hpp
2026-02-02 10:01:07,533 - Knowledge - INFO - Fast-tracked /app/data/T0002/209001/b3686k5/wesnoth-209001/src/network_worker.hpp (ext=.hpp, size=1210)
2026-02-02 10:01:07,584 - Knowledge - INFO - Worker kw18 processing /app/data/T0002/209001/b3686k5/wesnoth-209001/src/sdl_utils.hpp
2026-02-02 10:01:07,650 - Knowledge - INFO - Async storage completed for 6 embeddings
2026-02-02 10:01:07,868 - Knowledge - INFO - Fast-tracked /app/data/T0002/209001/b3686k5/wesnoth-209001/src/animated.hpp (small file (2694 bytes))
2026-02-02 10:01:28,846 - Knowledge - INFO - [LLM_CALL] Completed: binary_wml.cpp:chunk1, Duration: 28596ms, PromptTokens: 4508, CompletionTokens: 328, Cost: $0.00058
2026-02-02 10:01:28,852 - Knowledge - INFO - done ingest for /app/data/T0002/209001/b3686k5/wesnoth-209001/src/serialization/binary_wml.cpp
2026-02-02 10:01:45,547 - Knowledge - INFO - [LLM_CALL] Completed: about.cpp:chunk1, Duration: 45684ms, PromptTokens: 9396, CompletionTokens: 421, Cost: $0.00111
2026-02-02 10:01:45,561 - Knowledge - INFO - done ingest for /app/data/T0002/209001/b3686k5/wesnoth-209001/src/about.cpp
2026-02-02 10:01:50,080 - Knowledge - INFO - [LLM_CALL] Completed: exploder_cutter.cpp:chunk1, Duration: 49622ms, PromptTokens: 2976, CompletionTokens: 549, Cost: $0.00052
2026-02-02 10:01:50,132 - Knowledge - INFO - done ingest for /app/data/T0002/209001/b3686k5/wesnoth-209001/src/tools/exploder_cutter.cpp
2026-02-02 10:01:55,696 - Knowledge - INFO - [LLM_CALL] Completed: network_worker.cpp:chunk1, Duration: 56159ms, PromptTokens: 7542, CompletionTokens: 598, Cost: $0.00099
2026-02-02 10:01:55,722 - Knowledge - INFO - done ingest for /app/data/T0002/209001/b3686k5/wesnoth-209001/src/network_worker.cpp
2026-02-02 10:01:57,265 - Knowledge - INFO - [LLM_CALL] Completed: exploder_utils.cpp:chunk1, Duration: 56894ms, PromptTokens: 4234, CompletionTokens: 648, Cost: $0.00068
2026-02-02 10:01:57,340 - Knowledge - INFO - done ingest for /app/data/T0002/209001/b3686k5/wesnoth-209001/src/tools/exploder_utils.cpp
2026-02-02 10:02:02,127 - Knowledge - INFO - Processing batch of 6 files
2026-02-02 10:02:02,132 - Knowledge - INFO - process ingested knowledge for /app/data/T0002/209001/b3686k5/wesnoth-209001/src/race.hpp
2026-02-02 10:02:02,181 - Knowledge - INFO - process ingested knowledge for /app/data/T0002/209001/b3686k5/wesnoth-209001/src/tools/exploder_composer.hpp
2026-02-02 10:02:02,274 - Knowledge - INFO - process ingested knowledge for /app/data/T0002/209001/b3686k5/wesnoth-209001/src/tools/cutter.cpp
2026-02-02 10:02:02,336 - Knowledge - INFO - process ingested knowledge for /app/data/T0002/209001/b3686k5/wesnoth-209001/src/tools/exploder_utils.cpp
2026-02-02 10:02:02,371 - Knowledge - INFO - process ingested knowledge for /app/data/T0002/209001/b3686k5/wesnoth-209001/src/tools/exploder.cpp
2026-02-02 10:02:02,437 - Knowledge - INFO - process ingested knowledge for /app/data/T0002/209001/b3686k5/wesnoth-209001/src/tools/exploder_cutter.cpp
2026-02-02 10:02:05,467 - Knowledge - INFO - [LLM_CALL] Completed: string_utils.hpp:chunk1, Duration: 65132ms, PromptTokens: 2878, CompletionTokens: 978, Cost: $0.00068
2026-02-02 10:02:05,467 - Knowledge - INFO - done ingest for /app/data/T0002/209001/b3686k5/wesnoth-209001/src/serialization/string_utils.hpp
2026-02-02 10:02:10,470 - Knowledge - INFO - [LLM_CALL] Completed: sound.cpp:chunk1, Duration: 70327ms, PromptTokens: 3682, CompletionTokens: 762, Cost: $0.00067
2026-02-02 10:02:10,533 - Knowledge - INFO - done ingest for /app/data/T0002/209001/b3686k5/wesnoth-209001/src/sound.cpp
2026-02-02 10:02:14,240 - Knowledge - INFO - [LLM_CALL] Completed: animated.cpp:chunk1, Duration: 74374ms, PromptTokens: 4388, CompletionTokens: 642, Cost: $0.00070
2026-02-02 10:02:14,354 - Knowledge - INFO - done ingest for /app/data/T0002/209001/b3686k5/wesnoth-209001/src/animated.cpp
2026-02-02 10:02:15,166 - Knowledge - INFO - [LLM_CALL] Completed: statistics.cpp:chunk1, Duration: 75235ms, PromptTokens: 6720, CompletionTokens: 1242, Cost: $0.00117
2026-02-02 10:02:15,240 - Knowledge - INFO - done ingest for /app/data/T0002/209001/b3686k5/wesnoth-209001/src/statistics.cpp
2026-02-02 10:02:16,554 - Knowledge - INFO - Processing batch of 6 files
2026-02-02 10:02:16,555 - Knowledge - INFO - process ingested knowledge for /app/data/T0002/209001/b3686k5/wesnoth-209001/src/serialization/tokenizer.hpp
2026-02-02 10:02:17,391 - Knowledge - INFO - process ingested knowledge for /app/data/T0002/209001/b3686k5/wesnoth-209001/src/serialization/binary_wml.cpp
2026-02-02 10:02:17,425 - Knowledge - INFO - process ingested knowledge for /app/data/T0002/209001/b3686k5/wesnoth-209001/src/serialization/preprocessor.hpp
2026-02-02 10:02:17,425 - Knowledge - INFO - process ingested knowledge for /app/data/T0002/209001/b3686k5/wesnoth-209001/src/serialization/string_utils.hpp
2026-02-02 10:02:17,501 - Knowledge - INFO - process ingested knowledge for /app/data/T0002/209001/b3686k5/wesnoth-209001/src/serialization/parser.hpp
2026-02-02 10:02:17,549 - Knowledge - INFO - [WEBSOCKET] Sent: Type=progress_update, Size: 290, Duration: 0ms
2026-02-02 10:02:17,560 - Knowledge - INFO - process ingested knowledge for /app/data/T0002/209001/b3686k5/wesnoth-209001/src/serialization/binary_or_text.hpp
2026-02-02 10:02:17,855 - Knowledge - INFO - [WEBSOCKET] Sent: Type=unknown, Size: ?, Duration: 306ms
2026-02-02 10:02:18,080 - Knowledge - INFO - Progress: 4.2% | Files: 20/474 | Rate: 0.24 files/sec | Queue: 348
2026-02-02 10:02:18,566 - Knowledge - INFO - [LLM_CALL] Completed: tstring.cpp:chunk1, Duration: 78827ms, PromptTokens: 6644, CompletionTokens: 409, Cost: $0.00083
2026-02-02 10:02:18,567 - Knowledge - INFO - done ingest for /app/data/T0002/209001/b3686k5/wesnoth-209001/src/tstring.cpp
2026-02-02 10:02:19,953 - Knowledge - INFO - [kw17] Queue=348, InProgress=0, PendingWorkers=20/20, Completed=20/474 (4.2%)
2026-02-02 10:02:19,989 - Knowledge - INFO - Batch sizing: calculated=6, max_allowed=10, queue=348, active_workers=20/20
2026-02-02 10:02:20,092 - Knowledge - INFO - Async storing batch of 6 embeddings
2026-02-02 10:02:20,093 - Knowledge - INFO - Worker kw17 processing /app/data/T0002/209001/b3686k5/wesnoth-209001/src/reports.hpp
2026-02-02 10:02:20,246 - Knowledge - INFO - Worker kw17 processing /app/data/T0002/209001/b3686k5/wesnoth-209001/src/game_config.hpp
2026-02-02 10:02:20,482 - Knowledge - INFO - Fast-tracked /app/data/T0002/209001/b3686k5/wesnoth-209001/src/game_config.hpp (ext=.hpp, size=1838)
2026-02-02 10:02:20,581 - Knowledge - INFO - Worker kw17 processing /app/data/T0002/209001/b3686k5/wesnoth-209001/src/playturn.hpp
2026-02-02 10:02:20,788 - Knowledge - INFO - Worker kw17 processing /app/data/T0002/209001/b3686k5/wesnoth-209001/src/array.hpp
2026-02-02 10:02:20,891 - Knowledge - INFO - Fast-tracked /app/data/T0002/209001/b3686k5/wesnoth-209001/src/array.hpp (ext=.hpp, size=1425)
2026-02-02 10:02:20,922 - Knowledge - INFO - Worker kw17 processing /app/data/T0002/209001/b3686k5/wesnoth-209001/src/multiplayer_lobby.hpp
2026-02-02 10:02:20,938 - Knowledge - INFO - Worker kw17 processing /app/data/T0002/209001/b3686k5/wesnoth-209001/src/unit_types.cpp
2026-02-02 10:02:25,081 - Knowledge - INFO - Async storage completed for 6 embeddings
2026-02-02 10:02:26,222 - Knowledge - INFO - Processing batch of 6 files
2026-02-02 10:02:26,643 - Knowledge - INFO - process ingested knowledge for /app/data/T0002/209001/b3686k5/wesnoth-209001/src/about.cpp
2026-02-02 10:02:27,713 - Knowledge - INFO - [LLM_CALL] Completed: map_label.cpp:chunk1, Duration: 87355ms, PromptTokens: 3098, CompletionTokens: 718, Cost: $0.00060
2026-02-02 10:02:27,850 - Knowledge - INFO - process ingested knowledge for /app/data/T0002/209001/b3686k5/wesnoth-209001/src/playcampaign.hpp
2026-02-02 10:02:27,868 - Knowledge - INFO - done ingest for /app/data/T0002/209001/b3686k5/wesnoth-209001/src/map_label.cpp
2026-02-02 10:02:28,048 - Knowledge - INFO - process ingested knowledge for /app/data/T0002/209001/b3686k5/wesnoth-209001/src/game_errors.hpp
2026-02-02 10:02:30,267 - Knowledge - INFO - process ingested knowledge for /app/data/T0002/209001/b3686k5/wesnoth-209001/src/statistics.cpp
2026-02-02 10:02:30,368 - Knowledge - INFO - process ingested knowledge for /app/data/T0002/209001/b3686k5/wesnoth-209001/src/publish_campaign.hpp
2026-02-02 10:02:30,468 - Knowledge - INFO - process ingested knowledge for /app/data/T0002/209001/b3686k5/wesnoth-209001/src/race.cpp
2026-02-02 10:02:31,922 - Knowledge - INFO - [kw15] Queue=342, InProgress=0, PendingWorkers=20/20, Completed=24/474 (5.1%)
2026-02-02 10:02:31,945 - Knowledge - INFO - [LLM_CALL] Completed: cavegen.cpp:chunk1, Duration: 92019ms, PromptTokens: 6574, CompletionTokens: 720, Cost: $0.00095
2026-02-02 10:02:31,990 - Knowledge - INFO - Batch sizing: calculated=6, max_allowed=10, queue=342, active_workers=20/20
2026-02-02 10:02:32,051 - Knowledge - INFO - done ingest for /app/data/T0002/209001/b3686k5/wesnoth-209001/src/cavegen.cpp
2026-02-02 10:02:32,138 - Knowledge - INFO - Async storing batch of 6 embeddings
2026-02-02 10:02:32,449 - Knowledge - INFO - Worker kw15 processing /app/data/T0002/209001/b3686k5/wesnoth-209001/src/halo.cpp
2026-02-02 10:02:32,794 - Knowledge - INFO - Worker kw15 processing /app/data/T0002/209001/b3686k5/wesnoth-209001/src/language.cpp
2026-02-02 10:02:33,159 - Knowledge - INFO - Worker kw15 processing /app/data/T0002/209001/b3686k5/wesnoth-209001/src/hotkeys.hpp
2026-02-02 10:02:34,039 - Knowledge - INFO - Worker kw15 processing /app/data/T0002/209001/b3686k5/wesnoth-209001/src/multiplayer_wait.cpp
2026-02-02 10:02:34,186 - Knowledge - INFO - Worker kw15 processing /app/data/T0002/209001/b3686k5/wesnoth-209001/src/font.hpp
2026-02-02 10:02:34,702 - Knowledge - INFO - Worker kw15 processing /app/data/T0002/209001/b3686k5/wesnoth-209001/src/video.hpp
2026-02-02 10:02:35,427 - Knowledge - INFO - [LLM_CALL] Completed: gamestatus.hpp:chunk1, Duration: 96344ms, PromptTokens: 3436, CompletionTokens: 743, Cost: $0.00064
2026-02-02 10:02:35,529 - Knowledge - INFO - done ingest for /app/data/T0002/209001/b3686k5/wesnoth-209001/src/gamestatus.hpp
2026-02-02 10:02:36,588 - Knowledge - INFO - [LLM_CALL] Completed: sdl_utils.cpp:chunk1, Duration: 97021ms, PromptTokens: 14922, CompletionTokens: 1546, Cost: $0.00211
2026-02-02 10:02:36,636 - Knowledge - INFO - done ingest for /app/data/T0002/209001/b3686k5/wesnoth-209001/src/sdl_utils.cpp
2026-02-02 10:02:39,293 - Knowledge - INFO - [LLM_CALL] Completed: parser.cpp:chunk1, Duration: 99013ms, PromptTokens: 6640, CompletionTokens: 469, Cost: $0.00085
2026-02-02 10:02:39,324 - Knowledge - INFO - done ingest for /app/data/T0002/209001/b3686k5/wesnoth-209001/src/serialization/parser.cpp
2026-02-02 10:02:41,386 - Knowledge - INFO - Async storage completed for 6 embeddings
2026-02-02 10:02:41,965 - Knowledge - INFO - [LLM_CALL] Completed: leader_list.cpp:chunk1, Duration: 101465ms, PromptTokens: 2436, CompletionTokens: 434, Cost: $0.00042
2026-02-02 10:02:42,044 - Knowledge - INFO - done ingest for /app/data/T0002/209001/b3686k5/wesnoth-209001/src/leader_list.cpp
2026-02-02 10:02:45,561 - Knowledge - INFO - [WEBSOCKET] Sent: Type=progress_update, Size: 292, Duration: 0ms
2026-02-02 10:02:45,648 - Knowledge - INFO - [WEBSOCKET] Sent: Type=unknown, Size: ?, Duration: 87ms
2026-02-02 10:02:45,669 - Knowledge - INFO - Progress: 6.3% | Files: 30/474 | Rate: 0.27 files/sec | Queue: 336
2026-02-02 10:02:45,702 - Knowledge - INFO - Processing batch of 6 files
2026-02-02 10:02:45,997 - Knowledge - INFO - [LLM_CALL] Completed: preprocessor.cpp:chunk1, Duration: 105834ms, PromptTokens: 12396, CompletionTokens: 625, Cost: $0.00149
2026-02-02 10:02:46,064 - Knowledge - INFO - [kw7] Queue=336, InProgress=0, PendingWorkers=20/20, Completed=30/474 (6.3%)
2026-02-02 10:02:46,243 - Knowledge - INFO - process ingested knowledge for /app/data/T0002/209001/b3686k5/wesnoth-209001/src/game_events.hpp
2026-02-02 10:02:46,273 - Knowledge - INFO - done ingest for /app/data/T0002/209001/b3686k5/wesnoth-209001/src/serialization/preprocessor.cpp
2026-02-02 10:02:46,422 - Knowledge - INFO - process ingested knowledge for /app/data/T0002/209001/b3686k5/wesnoth-209001/src/checksum.cpp
2026-02-02 10:02:46,692 - Knowledge - INFO - Batch sizing: calculated=6, max_allowed=10, queue=336, active_workers=20/20
2026-02-02 10:02:46,758 - Knowledge - INFO - process ingested knowledge for /app/data/T0002/209001/b3686k5/wesnoth-209001/src/cursor.hpp
2026-02-02 10:02:46,973 - Knowledge - INFO - [LLM_CALL] Completed: theme.cpp:chunk1, Duration: 107195ms, PromptTokens: 10254, CompletionTokens: 753, Cost: $0.00133
2026-02-02 10:02:47,178 - Knowledge - INFO - process ingested knowledge for /app/data/T0002/209001/b3686k5/wesnoth-209001/src/network_worker.cpp
2026-02-02 10:02:47,273 - Knowledge - INFO - done ingest for /app/data/T0002/209001/b3686k5/wesnoth-209001/src/theme.cpp
2026-02-02 10:02:47,304 - Knowledge - INFO - Async storing batch of 6 embeddings
2026-02-02 10:02:47,463 - Knowledge - INFO - process ingested knowledge for /app/data/T0002/209001/b3686k5/wesnoth-209001/src/sdl_utils.cpp
2026-02-02 10:02:47,953 - Knowledge - INFO - process ingested knowledge for /app/data/T0002/209001/b3686k5/wesnoth-209001/src/util.hpp
2026-02-02 10:02:47,953 - Knowledge - INFO - Worker kw7 processing /app/data/T0002/209001/b3686k5/wesnoth-209001/src/team.hpp
2026-02-02 10:02:48,622 - Knowledge - INFO - Worker kw7 processing /app/data/T0002/209001/b3686k5/wesnoth-209001/src/intro.cpp
2026-02-02 10:02:48,734 - Knowledge - INFO - Worker kw7 processing /app/data/T0002/209001/b3686k5/wesnoth-209001/src/builder.hpp
2026-02-02 10:02:49,039 - Knowledge - INFO - Worker kw7 processing /app/data/T0002/209001/b3686k5/wesnoth-209001/src/mapgen_dialog.hpp
2026-02-02 10:02:49,222 - Knowledge - INFO - Fast-tracked /app/data/T0002/209001/b3686k5/wesnoth-209001/src/mapgen_dialog.hpp (ext=.hpp, size=1178)
2026-02-02 10:02:49,222 - Knowledge - INFO - Worker kw7 processing /app/data/T0002/209001/b3686k5/wesnoth-209001/src/titlescreen.cpp
2026-02-02 10:02:49,666 - Knowledge - INFO - Worker kw7 processing /app/data/T0002/209001/b3686k5/wesnoth-209001/src/log.cpp
2026-02-02 10:02:50,244 - Knowledge - INFO - [LLM_CALL] Completed: tokenizer.cpp:chunk1, Duration: 109987ms, PromptTokens: 2832, CompletionTokens: 554, Cost: $0.00050
2026-02-02 10:02:50,270 - Knowledge - INFO - done ingest for /app/data/T0002/209001/b3686k5/wesnoth-209001/src/serialization/tokenizer.cpp
2026-02-02 10:02:54,388 - Knowledge - INFO - [LLM_CALL] Completed: dialogs.cpp:chunk1, Duration: 114549ms, PromptTokens: 15518, CompletionTokens: 1216, Cost: $0.00204
2026-02-02 10:02:54,502 - Knowledge - INFO - done ingest for /app/data/T0002/209001/b3686k5/wesnoth-209001/src/dialogs.cpp
2026-02-02 10:02:54,548 - Knowledge - INFO - [LLM_CALL] Completed: map.hpp:chunk1, Duration: 115576ms, PromptTokens: 4190, CompletionTokens: 956, Cost: $0.00080
2026-02-02 10:02:54,687 - Knowledge - INFO - done ingest for /app/data/T0002/209001/b3686k5/wesnoth-209001/src/map.hpp
2026-02-02 10:02:55,341 - Knowledge - INFO - Fast-tracked /app/data/T0002/209001/b3686k5/wesnoth-209001/src/log.cpp (small file (2922 bytes))
2026-02-02 10:02:55,397 - Knowledge - INFO - Async storage completed for 6 embeddings
2026-02-02 10:02:55,626 - Knowledge - INFO - [LLM_CALL] Completed: thread.hpp:chunk1, Duration: 115163ms, PromptTokens: 4138, CompletionTokens: 1132, Cost: $0.00087
2026-02-02 10:02:55,682 - Knowledge - INFO - done ingest for /app/data/T0002/209001/b3686k5/wesnoth-209001/src/thread.hpp
2026-02-02 10:03:01,944 - Knowledge - INFO - Processing batch of 6 files
2026-02-02 10:03:01,944 - Knowledge - INFO - process ingested knowledge for /app/data/T0002/209001/b3686k5/wesnoth-209001/src/zipios++/xcoll.hpp
2026-02-02 10:03:02,138 - Knowledge - INFO - process ingested knowledge for /app/data/T0002/209001/b3686k5/wesnoth-209001/src/zipios++/xcoll.cpp
2026-02-02 10:03:02,159 - Knowledge - INFO - process ingested knowledge for /app/data/T0002/209001/b3686k5/wesnoth-209001/src/playlevel.hpp
2026-02-02 10:03:02,332 - Knowledge - INFO - [kw5] Queue=330, InProgress=0, PendingWorkers=20/20, Completed=36/474 (7.6%)
2026-02-02 10:03:02,382 - Knowledge - INFO - process ingested knowledge for /app/data/T0002/209001/b3686k5/wesnoth-209001/src/theme.cpp
2026-02-02 10:03:02,577 - Knowledge - INFO - Batch sizing: calculated=6, max_allowed=10, queue=330, active_workers=20/20
2026-02-02 10:03:02,803 - Knowledge - INFO - process ingested knowledge for /app/data/T0002/209001/b3686k5/wesnoth-209001/src/dialogs.cpp
2026-02-02 10:03:02,981 - Knowledge - INFO - Async storing batch of 6 embeddings
2026-02-02 10:03:03,023 - Knowledge - INFO - process ingested knowledge for /app/data/T0002/209001/b3686k5/wesnoth-209001/src/animated.cpp
2026-02-02 10:03:03,205 - Knowledge - INFO - Worker kw5 processing /app/data/T0002/209001/b3686k5/wesnoth-209001/src/map_label.hpp
2026-02-02 10:03:05,039 - Knowledge - INFO - [LLM_CALL] Completed: ai_move.cpp:chunk1, Duration: 124511ms, PromptTokens: 14854, CompletionTokens: 720, Cost: $0.00177
2026-02-02 10:03:05,123 - Knowledge - INFO - Fast-tracked /app/data/T0002/209001/b3686k5/wesnoth-209001/src/map_label.hpp (ext=.hpp, size=1421)
2026-02-02 10:03:05,268 - Knowledge - INFO - done ingest for /app/data/T0002/209001/b3686k5/wesnoth-209001/src/ai_move.cpp
2026-02-02 10:03:05,443 - Knowledge - INFO - Worker kw5 processing /app/data/T0002/209001/b3686k5/wesnoth-209001/src/replay.hpp
2026-02-02 10:03:05,806 - Knowledge - INFO - Worker kw5 processing /app/data/T0002/209001/b3686k5/wesnoth-209001/src/preferences.cpp
2026-02-02 10:03:06,029 - Knowledge - INFO - Worker kw5 processing /app/data/T0002/209001/b3686k5/wesnoth-209001/src/wesconfig.h
2026-02-02 10:03:06,366 - Knowledge - INFO - Fast-tracked /app/data/T0002/209001/b3686k5/wesnoth-209001/src/wesconfig.h (ext=.h, size=289)
2026-02-02 10:03:06,408 - Knowledge - INFO - Worker kw5 processing /app/data/T0002/209001/b3686k5/wesnoth-209001/src/game.cpp
2026-02-02 10:03:06,495 - Knowledge - INFO - Worker kw5 processing /app/data/T0002/209001/b3686k5/wesnoth-209001/src/ai.cpp
2026-02-02 10:03:07,389 - Knowledge - INFO - [LLM_CALL] Completed: astarnode.cpp:chunk1, Duration: 127305ms, PromptTokens: 3170, CompletionTokens: 734, Cost: $0.00061
2026-02-02 10:03:07,668 - Knowledge - INFO - done ingest for /app/data/T0002/209001/b3686k5/wesnoth-209001/src/astarnode.cpp
2026-02-02 10:03:09,822 - Knowledge - INFO - Split /app/data/T0002/209001/b3686k5/wesnoth-209001/src/ai.cpp (66244 bytes) into 3 chunks of ~32KB
2026-02-02 10:03:10,382 - Knowledge - INFO - Async storage completed for 6 embeddings
2026-02-02 10:03:11,949 - Knowledge - INFO - [LLM_CALL] Completed: team.cpp:chunk1, Duration: 132775ms, PromptTokens: 12002, CompletionTokens: 747, Cost: $0.00150
2026-02-02 10:03:12,005 - Knowledge - INFO - done ingest for /app/data/T0002/209001/b3686k5/wesnoth-209001/src/team.cpp
2026-02-02 10:03:12,189 - Knowledge - INFO - [LLM_CALL] Completed: string_utils.cpp:chunk1, Duration: 132092ms, PromptTokens: 10128, CompletionTokens: 942, Cost: $0.00139
2026-02-02 10:03:12,199 - Knowledge - INFO - done ingest for /app/data/T0002/209001/b3686k5/wesnoth-209001/src/serialization/string_utils.cpp
2026-02-02 10:03:12,426 - Knowledge - INFO - [LLM_CALL] Completed: terrain.cpp:chunk1, Duration: 132238ms, PromptTokens: 2362, CompletionTokens: 826, Cost: $0.00057
2026-02-02 10:03:12,431 - Knowledge - INFO - done ingest for /app/data/T0002/209001/b3686k5/wesnoth-209001/src/terrain.cpp
2026-02-02 10:03:12,623 - Knowledge - INFO - [LLM_CALL] Completed: image.hpp:chunk1, Duration: 132159ms, PromptTokens: 4418, CompletionTokens: 1134, Cost: $0.00090
2026-02-02 10:03:12,689 - Knowledge - INFO - done ingest for /app/data/T0002/209001/b3686k5/wesnoth-209001/src/image.hpp
2026-02-02 10:03:16,966 - Knowledge - INFO - [LLM_CALL] Completed: random.cpp:chunk1, Duration: 137113ms, PromptTokens: 2354, CompletionTokens: 705, Cost: $0.00052
2026-02-02 10:03:16,966 - Knowledge - INFO - done ingest for /app/data/T0002/209001/b3686k5/wesnoth-209001/src/random.cpp
2026-02-02 10:03:18,794 - Knowledge - INFO - [kw10] Queue=324, InProgress=0, PendingWorkers=20/20, Completed=39/474 (8.2%)
2026-02-02 10:03:18,887 - Knowledge - INFO - Batch sizing: calculated=6, max_allowed=10, queue=324, active_workers=20/20
2026-02-02 10:03:19,441 - Knowledge - INFO - Async storing batch of 6 embeddings
2026-02-02 10:03:19,822 - Knowledge - INFO - Worker kw10 processing /app/data/T0002/209001/b3686k5/wesnoth-209001/src/filesystem.hpp
2026-02-02 10:03:20,322 - Knowledge - INFO - Worker kw10 processing /app/data/T0002/209001/b3686k5/wesnoth-209001/src/multiplayer_ui.hpp
2026-02-02 10:03:20,385 - Knowledge - INFO - Worker kw10 processing /app/data/T0002/209001/b3686k5/wesnoth-209001/src/gettext.hpp
2026-02-02 10:03:20,723 - Knowledge - INFO - Fast-tracked /app/data/T0002/209001/b3686k5/wesnoth-209001/src/gettext.hpp (ext=.hpp, size=1192)
2026-02-02 10:03:20,724 - Knowledge - INFO - Worker kw10 processing /app/data/T0002/209001/b3686k5/wesnoth-209001/src/terrain.hpp
2026-02-02 10:03:20,950 - Knowledge - INFO - Fast-tracked /app/data/T0002/209001/b3686k5/wesnoth-209001/src/terrain.hpp (ext=.hpp, size=1781)
2026-02-02 10:03:21,083 - Knowledge - INFO - Worker kw10 processing /app/data/T0002/209001/b3686k5/wesnoth-209001/src/events.hpp
2026-02-02 10:03:21,241 - Knowledge - INFO - Worker kw10 processing /app/data/T0002/209001/b3686k5/wesnoth-209001/src/network.cpp
2026-02-02 10:03:21,834 - Knowledge - INFO - [LLM_CALL] Completed: show_dialog.cpp:chunk1, Duration: 141439ms, PromptTokens: 15774, CompletionTokens: 847, Cost: $0.00192
2026-02-02 10:03:21,840 - Knowledge - INFO - done ingest for /app/data/T0002/209001/b3686k5/wesnoth-209001/src/show_dialog.cpp
2026-02-02 10:03:22,296 - Knowledge - INFO - Processing batch of 6 files
2026-02-02 10:03:22,429 - Knowledge - INFO - process ingested knowledge for /app/data/T0002/209001/b3686k5/wesnoth-209001/src/serialization/string_utils.cpp
2026-02-02 10:03:22,460 - Knowledge - INFO - process ingested knowledge for /app/data/T0002/209001/b3686k5/wesnoth-209001/src/serialization/preprocessor.cpp
2026-02-02 10:03:22,480 - Knowledge - INFO - process ingested knowledge for /app/data/T0002/209001/b3686k5/wesnoth-209001/src/serialization/tokenizer.cpp
2026-02-02 10:03:22,491 - Knowledge - INFO - process ingested knowledge for /app/data/T0002/209001/b3686k5/wesnoth-209001/src/serialization/binary_or_text.cpp
2026-02-02 10:03:22,491 - Knowledge - INFO - process ingested knowledge for /app/data/T0002/209001/b3686k5/wesnoth-209001/src/serialization/binary_wml.hpp
2026-02-02 10:03:22,491 - Knowledge - INFO - process ingested knowledge for /app/data/T0002/209001/b3686k5/wesnoth-209001/src/serialization/parser.cpp
2026-02-02 10:03:22,492 - Knowledge - INFO - [LLM_CALL] Completed: playturn.hpp:chunk1, Duration: 59639ms, PromptTokens: 4584, CompletionTokens: 581, Cost: $0.00069
2026-02-02 10:03:22,498 - Knowledge - INFO - done ingest for /app/data/T0002/209001/b3686k5/wesnoth-209001/src/playturn.hpp
2026-02-02 10:03:22,665 - Knowledge - INFO - [LLM_CALL] Completed: multiplayer.cpp:chunk1, Duration: 142118ms, PromptTokens: 6284, CompletionTokens: 723, Cost: $0.00092
2026-02-02 10:03:22,980 - Knowledge - INFO - done ingest for /app/data/T0002/209001/b3686k5/wesnoth-209001/src/multiplayer.cpp
2026-02-02 10:03:24,048 - Knowledge - INFO - Fast-tracked /app/data/T0002/209001/b3686k5/wesnoth-209001/src/events.hpp (small file (2534 bytes))
2026-02-02 10:03:25,985 - Knowledge - INFO - [LLM_CALL] Completed: unit.hpp:chunk1, Duration: 145952ms, PromptTokens: 4750, CompletionTokens: 820, Cost: $0.00080
2026-02-02 10:03:25,985 - Knowledge - INFO - done ingest for /app/data/T0002/209001/b3686k5/wesnoth-209001/src/unit.hpp
2026-02-02 10:03:26,181 - Knowledge - INFO - Async storage completed for 6 embeddings
2026-02-02 10:03:27,792 - Knowledge - INFO - [LLM_CALL] Completed: unit_types.hpp:chunk1, Duration: 147713ms, PromptTokens: 5232, CompletionTokens: 1172, Cost: $0.00099
2026-02-02 10:03:27,828 - Knowledge - INFO - done ingest for /app/data/T0002/209001/b3686k5/wesnoth-209001/src/unit_types.hpp
2026-02-02 10:03:29,265 - Knowledge - INFO - [LLM_CALL] Completed: multiplayer_lobby.cpp:chunk1, Duration: 150179ms, PromptTokens: 9218, CompletionTokens: 842, Cost: $0.00126
2026-02-02 10:03:29,271 - Knowledge - INFO - done ingest for /app/data/T0002/209001/b3686k5/wesnoth-209001/src/multiplayer_lobby.cpp
2026-02-02 10:03:31,292 - Knowledge - WARNING - Timeout processing /app/data/T0002/209001/b3686k5/wesnoth-209001/src/multiplayer_connect.cpp after 90s - using fallback metadata
2026-02-02 10:03:35,731 - Knowledge - INFO - [LLM_CALL] Completed: help.cpp:chunk1, Duration: 155550ms, PromptTokens: 17206, CompletionTokens: 1195, Cost: $0.00220
2026-02-02 10:03:36,966 - Knowledge - WARNING - Timeout processing /app/data/T0002/209001/b3686k5/wesnoth-209001/src/help.cpp after 90s - using fallback metadata
2026-02-02 10:03:38,532 - Knowledge - INFO - [LLM_CALL] Completed: reports.hpp:chunk1, Duration: 76594ms, PromptTokens: 2434, CompletionTokens: 428, Cost: $0.00041
2026-02-02 10:03:38,840 - Knowledge - INFO - done ingest for /app/data/T0002/209001/b3686k5/wesnoth-209001/src/reports.hpp
2026-02-02 10:03:38,993 - Knowledge - INFO - [LLM_CALL] Completed: mapgen.cpp:chunk1, Duration: 158636ms, PromptTokens: 22668, CompletionTokens: 730, Cost: $0.00256
2026-02-02 10:03:39,822 - Knowledge - INFO - done ingest for /app/data/T0002/209001/b3686k5/wesnoth-209001/src/mapgen.cpp
2026-02-02 10:03:40,053 - Knowledge - INFO - [LLM_CALL] Completed: multiplayer_create.cpp:chunk1, Duration: 160289ms, PromptTokens: 9736, CompletionTokens: 845, Cost: $0.00131
2026-02-02 10:03:40,064 - Knowledge - INFO - done ingest for /app/data/T0002/209001/b3686k5/wesnoth-209001/src/multiplayer_create.cpp
2026-02-02 10:03:40,710 - Knowledge - INFO - [WEBSOCKET] Sent: Type=progress_update, Size: 291, Duration: 0ms
2026-02-02 10:03:41,100 - Knowledge - INFO - [WEBSOCKET] Sent: Type=unknown, Size: ?, Duration: 390ms
2026-02-02 10:03:41,100 - Knowledge - INFO - Progress: 10.3% | Files: 50/474 | Rate: 0.30 files/sec | Queue: 318
2026-02-02 10:03:41,231 - Knowledge - INFO - [kw14] Queue=318, InProgress=0, PendingWorkers=20/20, Completed=50/474 (10.5%)
2026-02-02 10:03:41,424 - Knowledge - INFO - Batch sizing: calculated=6, max_allowed=10, queue=318, active_workers=20/20
2026-02-02 10:03:41,522 - Knowledge - INFO - Async storing batch of 6 embeddings
2026-02-02 10:03:41,533 - Knowledge - INFO - Worker kw14 processing /app/data/T0002/209001/b3686k5/wesnoth-209001/src/scoped_resource.hpp
2026-02-02 10:03:41,673 - Knowledge - INFO - Worker kw14 processing /app/data/T0002/209001/b3686k5/wesnoth-209001/src/unit_display.hpp
2026-02-02 10:03:41,692 - Knowledge - INFO - Fast-tracked /app/data/T0002/209001/b3686k5/wesnoth-209001/src/unit_display.hpp (ext=.hpp, size=1871)
2026-02-02 10:03:41,693 - Knowledge - INFO - Worker kw14 processing /app/data/T0002/209001/b3686k5/wesnoth-209001/src/config.cpp
2026-02-02 10:03:42,034 - Knowledge - INFO - Worker kw14 processing /app/data/T0002/209001/b3686k5/wesnoth-209001/src/actions.hpp
2026-02-02 10:03:42,100 - Knowledge - INFO - [LLM_CALL] Completed: campaign_server.cpp:chunk1, Duration: 161916ms, PromptTokens: 4118, CompletionTokens: 651, Cost: $0.00067
2026-02-02 10:03:42,136 - Knowledge - INFO - done ingest for /app/data/T0002/209001/b3686k5/wesnoth-209001/src/campaign_server/campaign_server.cpp
2026-02-02 10:03:42,226 - Knowledge - INFO - [LLM_CALL] Completed: halo.cpp:chunk1, Duration: 67144ms, PromptTokens: 3806, CompletionTokens: 585, Cost: $0.00061
2026-02-02 10:03:42,278 - Knowledge - INFO - Worker kw14 processing /app/data/T0002/209001/b3686k5/wesnoth-209001/src/display.cpp
2026-02-02 10:03:42,491 - Knowledge - INFO - done ingest for /app/data/T0002/209001/b3686k5/wesnoth-209001/src/halo.cpp
2026-02-02 10:03:42,527 - Knowledge - INFO - Processing batch of 6 files
2026-02-02 10:03:42,658 - Knowledge - INFO - Worker kw14 processing /app/data/T0002/209001/b3686k5/wesnoth-209001/src/variable.cpp
2026-02-02 10:03:42,706 - Knowledge - INFO - process ingested knowledge for /app/data/T0002/209001/b3686k5/wesnoth-209001/src/multiplayer_wait.hpp
2026-02-02 10:03:42,755 - Knowledge - INFO - [LLM_CALL] Completed: actions.cpp:chunk1, Duration: 162793ms, PromptTokens: 18706, CompletionTokens: 1076, Cost: $0.00230
2026-02-02 10:03:43,100 - Knowledge - INFO - process ingested knowledge for /app/data/T0002/209001/b3686k5/wesnoth-209001/src/multiplayer_connect.cpp
2026-02-02 10:03:43,329 - Knowledge - INFO - process ingested knowledge for /app/data/T0002/209001/b3686k5/wesnoth-209001/src/map_create.cpp
2026-02-02 10:03:43,688 - Knowledge - INFO - process ingested knowledge for /app/data/T0002/209001/b3686k5/wesnoth-209001/src/key.cpp
2026-02-02 10:03:43,689 - Knowledge - INFO - process ingested knowledge for /app/data/T0002/209001/b3686k5/wesnoth-209001/src/sound.cpp
2026-02-02 10:03:43,729 - Knowledge - INFO - process ingested knowledge for /app/data/T0002/209001/b3686k5/wesnoth-209001/src/halo.hpp
2026-02-02 10:03:44,770 - Knowledge - INFO - Processing batch of 6 files
2026-02-02 10:03:44,847 - Knowledge - INFO - process ingested knowledge for /app/data/T0002/209001/b3686k5/wesnoth-209001/src/cavegen.cpp
2026-02-02 10:03:45,947 - Knowledge - INFO - [LLM_CALL] Completed: thread.cpp:chunk1, Duration: 156404ms, PromptTokens: 2802, CompletionTokens: 1120, Cost: $0.00073
2026-02-02 10:03:45,972 - Knowledge - INFO - done ingest for /app/data/T0002/209001/b3686k5/wesnoth-209001/src/thread.cpp
2026-02-02 10:03:46,005 - Knowledge - INFO - process ingested knowledge for /app/data/T0002/209001/b3686k5/wesnoth-209001/src/language.hpp
2026-02-02 10:03:46,238 - Knowledge - INFO - [LLM_CALL] Completed: replay.cpp:chunk1, Duration: 165962ms, PromptTokens: 13714, CompletionTokens: 1622, Cost: $0.00202
2026-02-02 10:03:46,791 - Knowledge - INFO - done ingest for /app/data/T0002/209001/b3686k5/wesnoth-209001/src/replay.cpp
2026-02-02 10:03:47,348 - Knowledge - INFO - process ingested knowledge for /app/data/T0002/209001/b3686k5/wesnoth-209001/src/boilerplate-header.cpp
2026-02-02 10:03:47,447 - Knowledge - INFO - process ingested knowledge for /app/data/T0002/209001/b3686k5/wesnoth-209001/src/unit_types.hpp
2026-02-02 10:03:47,478 - Knowledge - INFO - process ingested knowledge for /app/data/T0002/209001/b3686k5/wesnoth-209001/src/help.cpp
2026-02-02 10:03:49,388 - Knowledge - INFO - Fast-tracked /app/data/T0002/209001/b3686k5/wesnoth-209001/src/variable.cpp (small file (2437 bytes))
2026-02-02 10:03:49,462 - Knowledge - INFO - process ingested knowledge for /app/data/T0002/209001/b3686k5/wesnoth-209001/src/mouse.cpp
2026-02-02 10:03:49,601 - Knowledge - INFO - Async storage completed for 6 embeddings
2026-02-02 10:03:50,628 - Knowledge - INFO - [LLM_CALL] Completed: preferences.hpp:chunk1, Duration: 171138ms, PromptTokens: 2726, CompletionTokens: 1115, Cost: $0.00072
2026-02-02 10:03:50,725 - Knowledge - INFO - done ingest for /app/data/T0002/209001/b3686k5/wesnoth-209001/src/preferences.hpp
2026-02-02 10:03:52,509 - Knowledge - INFO - [LLM_CALL] Completed: show_dialog.hpp:chunk1, Duration: 172425ms, PromptTokens: 3046, CompletionTokens: 869, Cost: $0.00065
2026-02-02 10:03:52,554 - Knowledge - INFO - done ingest for /app/data/T0002/209001/b3686k5/wesnoth-209001/src/show_dialog.hpp
2026-02-02 10:03:52,986 - Knowledge - INFO - [LLM_CALL] Completed: ai_attack.cpp:chunk1, Duration: 173202ms, PromptTokens: 14018, CompletionTokens: 741, Cost: $0.00170
2026-02-02 10:03:53,123 - Knowledge - INFO - done ingest for /app/data/T0002/209001/b3686k5/wesnoth-209001/src/ai_attack.cpp
2026-02-02 10:03:53,803 - Knowledge - INFO - Processing batch of 6 files
2026-02-02 10:03:53,995 - Knowledge - INFO - process ingested knowledge for /app/data/T0002/209001/b3686k5/wesnoth-209001/src/wml_separators.hpp
2026-02-02 10:03:54,503 - Knowledge - WARNING - Timeout processing /app/data/T0002/209001/b3686k5/wesnoth-209001/src/actions.cpp after 90s - using fallback metadata
2026-02-02 10:03:54,681 - Knowledge - INFO - [LLM_CALL] Completed: unit.cpp:chunk1, Duration: 174212ms, PromptTokens: 19518, CompletionTokens: 716, Cost: $0.00224
2026-02-02 10:03:54,681 - Knowledge - INFO - done ingest for /app/data/T0002/209001/b3686k5/wesnoth-209001/src/unit.cpp
2026-02-02 10:03:55,062 - Knowledge - INFO - [LLM_CALL] Completed: language.cpp:chunk1, Duration: 79027ms, PromptTokens: 5220, CompletionTokens: 513, Cost: $0.00073
2026-02-02 10:03:55,097 - Knowledge - INFO - done ingest for /app/data/T0002/209001/b3686k5/wesnoth-209001/src/language.cpp
2026-02-02 10:03:55,256 - Knowledge - INFO - [LLM_CALL] Completed: dialogs.hpp:chunk1, Duration: 166266ms, PromptTokens: 2580, CompletionTokens: 748, Cost: $0.00056
2026-02-02 10:03:55,450 - Knowledge - INFO - done ingest for /app/data/T0002/209001/b3686k5/wesnoth-209001/src/dialogs.hpp
2026-02-02 10:03:57,289 - Knowledge - INFO - process ingested knowledge for /app/data/T0002/209001/b3686k5/wesnoth-209001/src/checksum.hpp
2026-02-02 10:03:57,812 - Knowledge - INFO - [LLM_CALL] Completed: intro.cpp:chunk1, Duration: 65050ms, PromptTokens: 5706, CompletionTokens: 556, Cost: $0.00079
2026-02-02 10:03:57,876 - Knowledge - INFO - done ingest for /app/data/T0002/209001/b3686k5/wesnoth-209001/src/intro.cpp
2026-02-02 10:03:58,335 - Knowledge - INFO - [LLM_CALL] Completed: config.hpp:chunk1, Duration: 178498ms, PromptTokens: 2924, CompletionTokens: 998, Cost: $0.00069
2026-02-02 10:03:58,361 - Knowledge - INFO - done ingest for /app/data/T0002/209001/b3686k5/wesnoth-209001/src/config.hpp
2026-02-02 10:03:59,684 - Knowledge - INFO - process ingested knowledge for /app/data/T0002/209001/b3686k5/wesnoth-209001/src/mapgen.cpp
2026-02-02 10:04:01,382 - Knowledge - INFO - process ingested knowledge for /app/data/T0002/209001/b3686k5/wesnoth-209001/src/image.hpp
2026-02-02 10:04:02,278 - Knowledge - INFO - Processing batch of 6 files
2026-02-02 10:04:02,325 - Knowledge - INFO - process ingested knowledge for /app/data/T0002/209001/b3686k5/wesnoth-209001/src/replay.cpp
2026-02-02 10:04:05,270 - Knowledge - INFO - [WEBSOCKET] Sent: Type=progress_update, Size: 292, Duration: 0ms
2026-02-02 10:04:05,366 - Knowledge - INFO - process ingested knowledge for /app/data/T0002/209001/b3686k5/wesnoth-209001/src/leader_list.cpp
2026-02-02 10:04:05,367 - Knowledge - INFO - [WEBSOCKET] Sent: Type=unknown, Size: ?, Duration: 97ms
2026-02-02 10:04:05,401 - Knowledge - INFO - process ingested knowledge for /app/data/T0002/209001/b3686k5/wesnoth-209001/src/map_label.cpp
2026-02-02 10:04:05,484 - Knowledge - INFO - process ingested knowledge for /app/data/T0002/209001/b3686k5/wesnoth-209001/src/multiplayer.cpp
2026-02-02 10:04:05,522 - Knowledge - INFO - Progress: 14.6% | Files: 70/474 | Rate: 0.38 files/sec | Queue: 312
2026-02-02 10:04:05,653 - Knowledge - INFO - process ingested knowledge for /app/data/T0002/209001/b3686k5/wesnoth-209001/src/thread.hpp
2026-02-02 10:04:07,785 - Knowledge - INFO - [kw8] Queue=312, InProgress=0, PendingWorkers=20/20, Completed=70/474 (14.8%)
2026-02-02 10:04:07,834 - Knowledge - INFO - Batch sizing: calculated=6, max_allowed=10, queue=312, active_workers=20/20
2026-02-02 10:04:07,905 - Knowledge - INFO - process ingested knowledge for /app/data/T0002/209001/b3686k5/wesnoth-209001/src/multiplayer.hpp
2026-02-02 10:04:09,622 - Knowledge - INFO - Async storing batch of 6 embeddings
2026-02-02 10:04:09,651 - Knowledge - INFO - process ingested knowledge for /app/data/T0002/209001/b3686k5/wesnoth-209001/src/leader_list.hpp
2026-02-02 10:04:09,999 - Knowledge - INFO - Worker kw8 processing /app/data/T0002/209001/b3686k5/wesnoth-209001/src/random.hpp
2026-02-02 10:04:10,428 - Knowledge - INFO - Fast-tracked /app/data/T0002/209001/b3686k5/wesnoth-209001/src/random.hpp (ext=.hpp, size=1268)
2026-02-02 10:04:10,428 - Knowledge - INFO - Worker kw8 processing /app/data/T0002/209001/b3686k5/wesnoth-209001/src/global.hpp
2026-02-02 10:04:10,722 - Knowledge - INFO - Fast-tracked /app/data/T0002/209001/b3686k5/wesnoth-209001/src/global.hpp (ext=.hpp, size=1563)
2026-02-02 10:04:10,738 - Knowledge - INFO - Worker kw8 processing /app/data/T0002/209001/b3686k5/wesnoth-209001/src/publish_campaign.cpp
2026-02-02 10:04:11,094 - Knowledge - INFO - Worker kw8 processing /app/data/T0002/209001/b3686k5/wesnoth-209001/src/map_create.hpp
2026-02-02 10:04:11,128 - Knowledge - INFO - process ingested knowledge for /app/data/T0002/209001/b3686k5/wesnoth-209001/src/about.hpp
2026-02-02 10:04:11,223 - Knowledge - INFO - Fast-tracked /app/data/T0002/209001/b3686k5/wesnoth-209001/src/map_create.hpp (ext=.hpp, size=784)
2026-02-02 10:04:11,445 - Knowledge - INFO - Worker kw8 processing /app/data/T0002/209001/b3686k5/wesnoth-209001/src/widgets/progressbar.hpp
2026-02-02 10:04:11,635 - Knowledge - INFO - Processing batch of 6 files
2026-02-02 10:04:11,794 - Knowledge - INFO - process ingested knowledge for /app/data/T0002/209001/b3686k5/wesnoth-209001/src/ai_attack.cpp
2026-02-02 10:04:11,822 - Knowledge - INFO - Fast-tracked /app/data/T0002/209001/b3686k5/wesnoth-209001/src/widgets/progressbar.hpp (ext=.hpp, size=770)
2026-02-02 10:04:11,828 - Knowledge - INFO - [LLM_CALL] Completed: video.cpp:chunk1, Duration: 192367ms, PromptTokens: 5910, CompletionTokens: 1155, Cost: $0.00105
2026-02-02 10:04:11,868 - Knowledge - INFO - Worker kw8 processing /app/data/T0002/209001/b3686k5/wesnoth-209001/src/widgets/file_chooser.hpp
2026-02-02 10:04:12,094 - Knowledge - INFO - done ingest for /app/data/T0002/209001/b3686k5/wesnoth-209001/src/video.cpp
2026-02-02 10:04:13,027 - Knowledge - INFO - [LLM_CALL] Completed: sdl_utils.hpp:chunk1, Duration: 183075ms, PromptTokens: 3718, CompletionTokens: 1206, Cost: $0.00085
2026-02-02 10:04:13,124 - Knowledge - INFO - done ingest for /app/data/T0002/209001/b3686k5/wesnoth-209001/src/sdl_utils.hpp
2026-02-02 10:04:14,527 - Knowledge - INFO - [LLM_CALL] Completed: ai.hpp:chunk1, Duration: 195461ms, PromptTokens: 6486, CompletionTokens: 628, Cost: $0.00090
2026-02-02 10:04:14,528 - Knowledge - INFO - done ingest for /app/data/T0002/209001/b3686k5/wesnoth-209001/src/ai.hpp
2026-02-02 10:04:14,540 - Knowledge - INFO - Async storage completed for 6 embeddings
2026-02-02 10:04:16,472 - Knowledge - INFO - process ingested knowledge for /app/data/T0002/209001/b3686k5/wesnoth-209001/src/intro.hpp
2026-02-02 10:04:18,635 - Knowledge - INFO - process ingested knowledge for /app/data/T0002/209001/b3686k5/wesnoth-209001/src/ai2.hpp
2026-02-02 10:04:18,658 - Knowledge - WARNING - Timeout processing /app/data/T0002/209001/b3686k5/wesnoth-209001/src/unit_display.cpp after 90s - using fallback metadata
2026-02-02 10:04:18,742 - Knowledge - INFO - [kw11] Queue=306, InProgress=0, PendingWorkers=20/20, Completed=72/474 (15.2%)
2026-02-02 10:04:18,931 - Knowledge - INFO - [LLM_CALL] Completed: mapgen_dialog.cpp:chunk1, Duration: 199787ms, PromptTokens: 7448, CompletionTokens: 673, Cost: $0.00101
2026-02-02 10:04:19,170 - Knowledge - INFO - Batch sizing: calculated=6, max_allowed=10, queue=306, active_workers=20/20
2026-02-02 10:04:19,388 - Knowledge - INFO - done ingest for /app/data/T0002/209001/b3686k5/wesnoth-209001/src/mapgen_dialog.cpp
2026-02-02 10:04:19,831 - Knowledge - WARNING - Timeout processing /app/data/T0002/209001/b3686k5/wesnoth-209001/src/pathfind.hpp after 90s - using fallback metadata
2026-02-02 10:04:20,147 - Knowledge - INFO - [LLM_CALL] Completed: ai_interface.hpp:chunk1, Duration: 201187ms, PromptTokens: 3790, CompletionTokens: 582, Cost: $0.00061
2026-02-02 10:04:20,153 - Knowledge - INFO - done ingest for /app/data/T0002/209001/b3686k5/wesnoth-209001/src/ai_interface.hpp
2026-02-02 10:04:21,550 - Knowledge - INFO - process ingested knowledge for /app/data/T0002/209001/b3686k5/wesnoth-209001/src/random.cpp
2026-02-02 10:04:22,024 - Knowledge - INFO - [LLM_CALL] Completed: image.cpp:chunk1, Duration: 202355ms, PromptTokens: 9820, CompletionTokens: 1103, Cost: $0.00142
2026-02-02 10:04:22,082 - Knowledge - INFO - done ingest for /app/data/T0002/209001/b3686k5/wesnoth-209001/src/image.cpp
2026-02-02 10:04:22,743 - Knowledge - INFO - Async storing batch of 6 embeddings
2026-02-02 10:04:22,786 - Knowledge - INFO - process ingested knowledge for /app/data/T0002/209001/b3686k5/wesnoth-209001/src/actions.cpp
2026-02-02 10:04:23,049 - Knowledge - INFO - Worker kw11 processing /app/data/T0002/209001/b3686k5/wesnoth-209001/src/widgets/slider.cpp
2026-02-02 10:04:23,175 - Knowledge - INFO - Worker kw11 processing /app/data/T0002/209001/b3686k5/wesnoth-209001/src/widgets/textbox.hpp
2026-02-02 10:04:23,301 - Knowledge - INFO - Worker kw11 processing /app/data/T0002/209001/b3686k5/wesnoth-209001/src/widgets/scrollpane.cpp
2026-02-02 10:04:23,456 - Knowledge - INFO - Worker kw11 processing /app/data/T0002/209001/b3686k5/wesnoth-209001/src/widgets/button.hpp
2026-02-02 10:04:23,794 - Knowledge - WARNING - Timeout processing /app/data/T0002/209001/b3686k5/wesnoth-209001/src/clipboard.cpp after 90s - using fallback metadata
2026-02-02 10:04:23,801 - Knowledge - INFO - Fast-tracked /app/data/T0002/209001/b3686k5/wesnoth-209001/src/widgets/button.hpp (ext=.hpp, size=1812)
2026-02-02 10:04:23,898 - Knowledge - INFO - Worker kw11 processing /app/data/T0002/209001/b3686k5/wesnoth-209001/src/widgets/scrollbar.hpp
2026-02-02 10:04:24,045 - Knowledge - INFO - Worker kw11 processing /app/data/T0002/209001/b3686k5/wesnoth-209001/src/widgets/widget.hpp
2026-02-02 10:04:24,440 - Knowledge - INFO - process ingested knowledge for /app/data/T0002/209001/b3686k5/wesnoth-209001/src/astarnode.cpp
2026-02-02 10:04:24,993 - Knowledge - INFO - Fast-tracked /app/data/T0002/209001/b3686k5/wesnoth-209001/src/widgets/textbox.hpp (small file (2397 bytes))
2026-02-02 10:04:25,624 - Knowledge - INFO - Fast-tracked /app/data/T0002/209001/b3686k5/wesnoth-209001/src/widgets/scrollbar.hpp (small file (2428 bytes))
2026-02-02 10:04:25,928 - Knowledge - INFO - Fast-tracked /app/data/T0002/209001/b3686k5/wesnoth-209001/src/widgets/widget.hpp (small file (2863 bytes))
2026-02-02 10:04:25,986 - Knowledge - INFO - Async storage completed for 6 embeddings
2026-02-02 10:04:26,676 - Knowledge - INFO - [LLM_CALL] Completed: filesystem.cpp:chunk1, Duration: 206582ms, PromptTokens: 10812, CompletionTokens: 1520, Cost: $0.00169
2026-02-02 10:04:26,700 - Knowledge - INFO - done ingest for /app/data/T0002/209001/b3686k5/wesnoth-209001/src/filesystem.cpp
2026-02-02 10:04:27,952 - Knowledge - INFO - [WEBSOCKET] Sent: Type=progress_update, Size: 293, Duration: 0ms
2026-02-02 10:04:28,134 - Knowledge - INFO - [WEBSOCKET] Sent: Type=unknown, Size: ?, Duration: 182ms
2026-02-02 10:04:28,134 - Knowledge - INFO - Progress: 17.9% | Files: 86/474 | Rate: 0.41 files/sec | Queue: 300
2026-02-02 10:04:30,876 - Knowledge - INFO - [kw20] Queue=300, InProgress=0, PendingWorkers=20/20, Completed=86/474 (18.1%)
2026-02-02 10:04:31,100 - Knowledge - INFO - Batch sizing: calculated=6, max_allowed=10, queue=300, active_workers=20/20
2026-02-02 10:04:31,687 - Knowledge - INFO - Processing batch of 6 files
2026-02-02 10:04:32,881 - Knowledge - INFO - process ingested knowledge for /app/data/T0002/209001/b3686k5/wesnoth-209001/src/tooltips.hpp
2026-02-02 10:04:33,153 - Knowledge - INFO - [LLM_CALL] Completed: theme.hpp:chunk1, Duration: 204526ms, PromptTokens: 2602, CompletionTokens: 1206, Cost: $0.00074
2026-02-02 10:04:33,222 - Knowledge - INFO - done ingest for /app/data/T0002/209001/b3686k5/wesnoth-209001/src/theme.hpp
2026-02-02 10:04:33,496 - Knowledge - INFO - Async storing batch of 6 embeddings
2026-02-02 10:04:34,073 - Knowledge - INFO - Worker kw20 processing /app/data/T0002/209001/b3686k5/wesnoth-209001/src/widgets/menu.cpp
2026-02-02 10:04:34,251 - Knowledge - INFO - process ingested knowledge for /app/data/T0002/209001/b3686k5/wesnoth-209001/src/map.hpp
2026-02-02 10:04:34,322 - Knowledge - INFO - Worker kw20 processing /app/data/T0002/209001/b3686k5/wesnoth-209001/src/widgets/label.hpp
2026-02-02 10:04:34,443 - Knowledge - INFO - process ingested knowledge for /app/data/T0002/209001/b3686k5/wesnoth-209001/src/pathutils.hpp
2026-02-02 10:04:34,447 - Knowledge - INFO - [kw16] Queue=294, InProgress=0, PendingWorkers=20/20, Completed=93/474 (19.6%)
2026-02-02 10:04:34,448 - Knowledge - INFO - Fast-tracked /app/data/T0002/209001/b3686k5/wesnoth-209001/src/widgets/label.hpp (ext=.hpp, size=1084)
2026-02-02 10:04:34,467 - Knowledge - INFO - process ingested knowledge for /app/data/T0002/209001/b3686k5/wesnoth-209001/src/gamestatus.hpp
2026-02-02 10:04:34,495 - Knowledge - INFO - Batch sizing: calculated=6, max_allowed=10, queue=294, active_workers=20/20
2026-02-02 10:04:34,543 - Knowledge - INFO - Processing batch of 6 files
2026-02-02 10:04:34,555 - Knowledge - INFO - Worker kw20 processing /app/data/T0002/209001/b3686k5/wesnoth-209001/src/widgets/combo.hpp
2026-02-02 10:04:34,903 - Knowledge - INFO - process ingested knowledge for /app/data/T0002/209001/b3686k5/wesnoth-209001/src/unit.hpp
2026-02-02 10:04:35,049 - Knowledge - INFO - Fast-tracked /app/data/T0002/209001/b3686k5/wesnoth-209001/src/widgets/combo.hpp (ext=.hpp, size=998)
2026-02-02 10:04:35,122 - Knowledge - INFO - Worker kw20 processing /app/data/T0002/209001/b3686k5/wesnoth-209001/src/widgets/scrollarea.hpp
2026-02-02 10:04:35,149 - Knowledge - INFO - Fast-tracked /app/data/T0002/209001/b3686k5/wesnoth-209001/src/widgets/scrollarea.hpp (ext=.hpp, size=1651)
2026-02-02 10:04:35,154 - Knowledge - INFO - Worker kw20 processing /app/data/T0002/209001/b3686k5/wesnoth-209001/src/widgets/combo.cpp
2026-02-02 10:04:35,227 - Knowledge - INFO - Fast-tracked /app/data/T0002/209001/b3686k5/wesnoth-209001/src/widgets/combo.cpp (ext=.cpp, size=1810)
2026-02-02 10:04:35,251 - Knowledge - INFO - Worker kw20 processing /app/data/T0002/209001/b3686k5/wesnoth-209001/src/widgets/label.cpp
2026-02-02 10:04:35,395 - Knowledge - INFO - Fast-tracked /app/data/T0002/209001/b3686k5/wesnoth-209001/src/widgets/label.cpp (ext=.cpp, size=1510)
2026-02-02 10:04:35,622 - Knowledge - INFO - process ingested knowledge for /app/data/T0002/209001/b3686k5/wesnoth-209001/src/filechooser.cpp
2026-02-02 10:04:35,653 - Knowledge - INFO - Processing batch of 6 files
2026-02-02 10:04:35,672 - Knowledge - INFO - process ingested knowledge for /app/data/T0002/209001/b3686k5/wesnoth-209001/src/show_dialog.hpp
2026-02-02 10:04:35,765 - Knowledge - INFO - Async storing batch of 6 embeddings
2026-02-02 10:04:35,772 - Knowledge - INFO - Async storage completed for 6 embeddings
2026-02-02 10:04:35,827 - Knowledge - INFO - process ingested knowledge for /app/data/T0002/209001/b3686k5/wesnoth-209001/src/ai_interface.hpp
2026-02-02 10:04:35,922 - Knowledge - INFO - process ingested knowledge for /app/data/T0002/209001/b3686k5/wesnoth-209001/src/pathfind.hpp
2026-02-02 10:04:36,038 - Knowledge - INFO - process ingested knowledge for /app/data/T0002/209001/b3686k5/wesnoth-209001/src/unit_display.cpp
2026-02-02 10:04:36,434 - Knowledge - INFO - Processing batch of 6 files
2026-02-02 10:04:36,629 - Knowledge - INFO - Worker kw16 processing /app/data/T0002/209001/b3686k5/wesnoth-209001/src/widgets/scrollarea.cpp
2026-02-02 10:04:36,902 - Knowledge - INFO - process ingested knowledge for /app/data/T0002/209001/b3686k5/wesnoth-209001/src/clipboard.cpp
2026-02-02 10:04:37,106 - Knowledge - INFO - process ingested knowledge for /app/data/T0002/209001/b3686k5/wesnoth-209001/src/ai.hpp
2026-02-02 10:04:37,162 - Knowledge - INFO - Worker kw16 processing /app/data/T0002/209001/b3686k5/wesnoth-209001/src/widgets/slider.hpp
2026-02-02 10:04:37,174 - Knowledge - INFO - process ingested knowledge for /app/data/T0002/209001/b3686k5/wesnoth-209001/src/clipboard.hpp
2026-02-02 10:04:37,547 - Knowledge - INFO - Fast-tracked /app/data/T0002/209001/b3686k5/wesnoth-209001/src/widgets/slider.hpp (ext=.hpp, size=1525)
2026-02-02 10:04:37,643 - Knowledge - INFO - Worker kw16 processing /app/data/T0002/209001/b3686k5/wesnoth-209001/src/widgets/scrollpane.hpp
2026-02-02 10:04:37,804 - Knowledge - INFO - Fast-tracked /app/data/T0002/209001/b3686k5/wesnoth-209001/src/widgets/scrollpane.hpp (ext=.hpp, size=1946)
2026-02-02 10:04:37,805 - Knowledge - INFO - Worker kw16 processing /app/data/T0002/209001/b3686k5/wesnoth-209001/src/widgets/scrollbar.cpp
2026-02-02 10:04:37,879 - Knowledge - INFO - Worker kw16 processing /app/data/T0002/209001/b3686k5/wesnoth-209001/src/widgets/widget.cpp
2026-02-02 10:04:37,933 - Knowledge - INFO - Worker kw16 processing /app/data/T0002/209001/b3686k5/wesnoth-209001/src/widgets/button.cpp
2026-02-02 10:04:38,189 - Knowledge - INFO - Fast-tracked /app/data/T0002/209001/b3686k5/wesnoth-209001/src/widgets/scrollarea.cpp (small file (3035 bytes))
2026-02-02 10:04:38,282 - Knowledge - INFO - process ingested knowledge for /app/data/T0002/209001/b3686k5/wesnoth-209001/src/show_dialog.cpp
2026-02-02 10:04:39,184 - Knowledge - INFO - process ingested knowledge for /app/data/T0002/209001/b3686k5/wesnoth-209001/src/campaign_server/campaign_server.cpp
2026-02-02 10:04:39,193 - Knowledge - INFO - process ingested knowledge for /app/data/T0002/209001/b3686k5/wesnoth-209001/src/tstring.hpp
2026-02-02 10:04:39,947 - Knowledge - INFO - Async storage completed for 6 embeddings
2026-02-02 10:04:40,806 - Knowledge - WARNING - Timeout processing /app/data/T0002/209001/b3686k5/wesnoth-209001/src/multiplayer_lobby.hpp after 90s - using fallback metadata
2026-02-02 10:04:40,858 - Knowledge - INFO - process ingested knowledge for /app/data/T0002/209001/b3686k5/wesnoth-209001/src/multiplayer_lobby.cpp
2026-02-02 10:04:40,872 - Knowledge - INFO - process ingested knowledge for /app/data/T0002/209001/b3686k5/wesnoth-209001/src/mapgen.hpp
2026-02-02 10:04:40,891 - Knowledge - INFO - [WEBSOCKET] Sent: Type=progress_update, Size: 293, Duration: 0ms
2026-02-02 10:04:40,922 - Knowledge - INFO - process ingested knowledge for /app/data/T0002/209001/b3686k5/wesnoth-209001/src/unit.cpp
2026-02-02 10:04:41,002 - Knowledge - WARNING - Timeout processing /app/data/T0002/209001/b3686k5/wesnoth-209001/src/unit_types.cpp after 90s - using fallback metadata
2026-02-02 10:04:41,080 - Knowledge - INFO - process ingested knowledge for /app/data/T0002/209001/b3686k5/wesnoth-209001/src/log.hpp
2026-02-02 10:04:41,465 - Knowledge - INFO - [WEBSOCKET] Sent: Type=unknown, Size: ?, Duration: 574ms
2026-02-02 10:04:41,722 - Knowledge - INFO - Progress: 21.1% | Files: 101/474 | Rate: 0.45 files/sec | Queue: 288
2026-02-02 10:04:41,734 - Knowledge - INFO - [LLM_CALL] Completed: multiplayer_ui.cpp:chunk1, Duration: 221773ms, PromptTokens: 5692, CompletionTokens: 1263, Cost: $0.00107
2026-02-02 10:04:41,747 - Knowledge - INFO - done ingest for /app/data/T0002/209001/b3686k5/wesnoth-209001/src/multiplayer_ui.cpp
2026-02-02 10:04:42,497 - Knowledge - INFO - process ingested knowledge for /app/data/T0002/209001/b3686k5/wesnoth-209001/src/team.cpp
2026-02-02 10:04:43,141 - Knowledge - INFO - Processing batch of 6 files
2026-02-02 10:04:43,173 - Knowledge - INFO - process ingested knowledge for /app/data/T0002/209001/b3686k5/wesnoth-209001/src/animated.hpp
2026-02-02 10:04:43,402 - Knowledge - INFO - process ingested knowledge for /app/data/T0002/209001/b3686k5/wesnoth-209001/src/ai_move.cpp
2026-02-02 10:04:43,433 - Knowledge - INFO - [kw6] Queue=288, InProgress=0, PendingWorkers=20/20, Completed=103/474 (21.7%)
2026-02-02 10:04:43,509 - Knowledge - INFO - Batch sizing: calculated=6, max_allowed=10, queue=288, active_workers=20/20
2026-02-02 10:04:44,864 - Knowledge - INFO - process ingested knowledge for /app/data/T0002/209001/b3686k5/wesnoth-209001/src/video.cpp
2026-02-02 10:04:44,883 - Knowledge - INFO - process ingested knowledge for /app/data/T0002/209001/b3686k5/wesnoth-209001/src/multiplayer_create.hpp
2026-02-02 10:04:44,979 - Knowledge - INFO - Async storing batch of 6 embeddings
2026-02-02 10:04:45,026 - Knowledge - INFO - process ingested knowledge for /app/data/T0002/209001/b3686k5/wesnoth-209001/src/theme.hpp
2026-02-02 10:04:45,188 - Knowledge - INFO - Worker kw6 processing /app/data/T0002/209001/b3686k5/wesnoth-209001/src/widgets/file_chooser.cpp
2026-02-02 10:04:45,466 - Knowledge - INFO - [LLM_CALL] Completed: events.cpp:chunk1, Duration: 225316ms, PromptTokens: 5814, CompletionTokens: 1229, Cost: $0.00107
2026-02-02 10:04:45,549 - Knowledge - INFO - done ingest for /app/data/T0002/209001/b3686k5/wesnoth-209001/src/events.cpp
2026-02-02 10:04:45,594 - Knowledge - INFO - Worker kw6 processing /app/data/T0002/209001/b3686k5/wesnoth-209001/src/widgets/progressbar.cpp
2026-02-02 10:04:45,827 - Knowledge - INFO - Fast-tracked /app/data/T0002/209001/b3686k5/wesnoth-209001/src/widgets/progressbar.cpp (ext=.cpp, size=1723)
2026-02-02 10:04:45,888 - Knowledge - INFO - Worker kw6 processing /app/data/T0002/209001/b3686k5/wesnoth-209001/src/widgets/menu.hpp
2026-02-02 10:04:45,964 - Knowledge - INFO - Worker kw6 processing /app/data/T0002/209001/b3686k5/wesnoth-209001/src/widgets/textbox.cpp
2026-02-02 10:04:46,043 - Knowledge - INFO - Worker kw6 processing /app/data/T0002/209001/b3686k5/wesnoth-209001/src/multiplayer_connect.hpp
2026-02-02 10:04:46,260 - Knowledge - INFO - Worker kw6 processing /app/data/T0002/209001/b3686k5/wesnoth-209001/src/server/game.hpp
2026-02-02 10:04:46,803 - Knowledge - INFO - process ingested knowledge for /app/data/T0002/209001/b3686k5/wesnoth-209001/src/dialogs.hpp
2026-02-02 10:04:48,289 - Knowledge - INFO - [LLM_CALL] Completed: game_config.cpp:chunk1, Duration: 229330ms, PromptTokens: 3316, CompletionTokens: 705, Cost: $0.00061
2026-02-02 10:04:48,300 - Knowledge - INFO - done ingest for /app/data/T0002/209001/b3686k5/wesnoth-209001/src/game_config.cpp
2026-02-02 10:04:49,764 - Knowledge - INFO - Async storage completed for 6 embeddings
2026-02-02 10:04:50,211 - Knowledge - INFO - process ingested knowledge for /app/data/T0002/209001/b3686k5/wesnoth-209001/src/thread.cpp
2026-02-02 10:04:50,348 - Knowledge - INFO - [LLM_CALL] Completed: font.cpp:chunk1, Duration: 231376ms, PromptTokens: 24212, CompletionTokens: 1085, Cost: $0.00286
2026-02-02 10:04:50,374 - Knowledge - INFO - done ingest for /app/data/T0002/209001/b3686k5/wesnoth-209001/src/font.cpp
2026-02-02 10:04:53,422 - Knowledge - INFO - process ingested knowledge for /app/data/T0002/209001/b3686k5/wesnoth-209001/src/network_worker.hpp
2026-02-02 10:04:56,941 - Knowledge - INFO - [LLM_CALL] Completed: scoped_resource.hpp:chunk1, Duration: 73409ms, PromptTokens: 3182, CompletionTokens: 423, Cost: $0.00049
2026-02-02 10:04:57,038 - Knowledge - INFO - done ingest for /app/data/T0002/209001/b3686k5/wesnoth-209001/src/scoped_resource.hpp
2026-02-02 10:04:58,306 - Knowledge - WARNING - Timeout processing /app/data/T0002/209001/b3686k5/wesnoth-209001/src/display.hpp after 90s - using fallback metadata
2026-02-02 10:04:58,860 - Knowledge - INFO - process ingested knowledge for /app/data/T0002/209001/b3686k5/wesnoth-209001/src/sdl_utils.hpp
2026-02-02 10:04:58,983 - Knowledge - INFO - [WEBSOCKET] Sent: Type=progress_update, Size: 295, Duration: 0ms
2026-02-02 10:04:58,984 - Knowledge - INFO - [WEBSOCKET] Sent: Type=unknown, Size: ?, Duration: 1ms
2026-02-02 10:04:59,033 - Knowledge - INFO - Progress: 23.4% | Files: 111/474 | Rate: 0.46 files/sec | Queue: 282
2026-02-02 10:04:59,828 - Knowledge - INFO - [LLM_CALL] Completed: hotkeys.cpp:chunk1, Duration: 240752ms, PromptTokens: 11388, CompletionTokens: 1464, Cost: $0.00172
2026-02-02 10:04:59,855 - Knowledge - INFO - done ingest for /app/data/T0002/209001/b3686k5/wesnoth-209001/src/hotkeys.cpp
2026-02-02 10:05:00,466 - Knowledge - INFO - [LLM_CALL] Completed: network.hpp:chunk1, Duration: 241017ms, PromptTokens: 3396, CompletionTokens: 1122, Cost: $0.00079
2026-02-02 10:05:00,586 - Knowledge - INFO - done ingest for /app/data/T0002/209001/b3686k5/wesnoth-209001/src/network.hpp
2026-02-02 10:05:01,740 - Knowledge - INFO - Processing batch of 6 files
2026-02-02 10:05:01,776 - Knowledge - INFO - process ingested knowledge for /app/data/T0002/209001/b3686k5/wesnoth-209001/src/reports.hpp
2026-02-02 10:05:02,639 - Knowledge - INFO - [kw4] Queue=282, InProgress=0, PendingWorkers=20/20, Completed=114/474 (24.1%)
2026-02-02 10:05:02,736 - Knowledge - INFO - Batch sizing: calculated=6, max_allowed=10, queue=282, active_workers=20/20
2026-02-02 10:05:04,063 - Knowledge - INFO - process ingested knowledge for /app/data/T0002/209001/b3686k5/wesnoth-209001/src/game_config.hpp
2026-02-02 10:05:04,433 - Knowledge - INFO - Processing batch of 6 files
2026-02-02 10:05:04,494 - Knowledge - INFO - process ingested knowledge for /app/data/T0002/209001/b3686k5/wesnoth-209001/src/wassert.cpp
2026-02-02 10:05:05,222 - Knowledge - INFO - Async storing batch of 6 embeddings
2026-02-02 10:05:05,271 - Knowledge - INFO - [kw13] Queue=276, InProgress=0, PendingWorkers=20/20, Completed=116/474 (24.5%)
2026-02-02 10:05:05,327 - Knowledge - INFO - process ingested knowledge for /app/data/T0002/209001/b3686k5/wesnoth-209001/src/playturn.hpp
2026-02-02 10:05:05,424 - Knowledge - INFO - Batch sizing: calculated=6, max_allowed=10, queue=276, active_workers=20/20
2026-02-02 10:05:05,477 - Knowledge - INFO - Worker kw4 processing /app/data/T0002/209001/b3686k5/wesnoth-209001/src/server/metrics.cpp
2026-02-02 10:05:05,845 - Knowledge - INFO - Worker kw4 processing /app/data/T0002/209001/b3686k5/wesnoth-209001/src/server/server.cpp
2026-02-02 10:05:06,048 - Knowledge - INFO - Worker kw4 processing /app/data/T0002/209001/b3686k5/wesnoth-209001/src/server/proxy.hpp
2026-02-02 10:05:06,100 - Knowledge - INFO - Fast-tracked /app/data/T0002/209001/b3686k5/wesnoth-209001/src/server/proxy.hpp (ext=.hpp, size=381)
2026-02-02 10:05:06,177 - Knowledge - INFO - Worker kw4 processing /app/data/T0002/209001/b3686k5/wesnoth-209001/src/server/input_stream.cpp
2026-02-02 10:05:06,338 - Knowledge - INFO - [LLM_CALL] Completed: team.hpp:chunk1, Duration: 135965ms, PromptTokens: 3888, CompletionTokens: 1963, Cost: $0.00117
2026-02-02 10:05:06,350 - Knowledge - INFO - done ingest for /app/data/T0002/209001/b3686k5/wesnoth-209001/src/team.hpp
2026-02-02 10:05:06,362 - Knowledge - INFO - Fast-tracked /app/data/T0002/209001/b3686k5/wesnoth-209001/src/server/input_stream.cpp (ext=.cpp, size=1806)
2026-02-02 10:05:06,444 - Knowledge - INFO - Worker kw4 processing /app/data/T0002/209001/b3686k5/wesnoth-209001/src/server/player.cpp
2026-02-02 10:05:06,634 - Knowledge - INFO - Fast-tracked /app/data/T0002/209001/b3686k5/wesnoth-209001/src/server/player.cpp (ext=.cpp, size=791)
2026-02-02 10:05:06,724 - Knowledge - INFO - Worker kw4 processing /app/data/T0002/209001/b3686k5/wesnoth-209001/src/server/input_stream.hpp
2026-02-02 10:05:06,759 - Knowledge - INFO - Fast-tracked /app/data/T0002/209001/b3686k5/wesnoth-209001/src/server/input_stream.hpp (ext=.hpp, size=797)
2026-02-02 10:05:06,857 - Knowledge - WARNING - Timeout processing /app/data/T0002/209001/b3686k5/wesnoth-209001/src/builder.hpp after 90s - using fallback metadata
2026-02-02 10:05:06,963 - Knowledge - WARNING - Timeout processing /app/data/T0002/209001/b3686k5/wesnoth-209001/src/titlescreen.cpp after 90s - using fallback metadata
2026-02-02 10:05:07,059 - Knowledge - INFO - process ingested knowledge for /app/data/T0002/209001/b3686k5/wesnoth-209001/src/multiplayer_ui.cpp
2026-02-02 10:05:07,091 - Knowledge - INFO - [LLM_CALL] Completed: file_chooser.hpp:chunk1, Duration: 52969ms, PromptTokens: 2256, CompletionTokens: 686, Cost: $0.00050
2026-02-02 10:05:07,091 - Knowledge - INFO - done ingest for /app/data/T0002/209001/b3686k5/wesnoth-209001/src/widgets/file_chooser.hpp
2026-02-02 10:05:07,134 - Knowledge - INFO - Fast-tracked /app/data/T0002/209001/b3686k5/wesnoth-209001/src/server/metrics.cpp (small file (2197 bytes))
2026-02-02 10:05:07,168 - Knowledge - INFO - [LLM_CALL] Completed: builder.cpp:chunk1, Duration: 247709ms, PromptTokens: 18486, CompletionTokens: 1440, Cost: $0.00242
2026-02-02 10:05:07,254 - Knowledge - INFO - done ingest for /app/data/T0002/209001/b3686k5/wesnoth-209001/src/builder.cpp
2026-02-02 10:05:07,581 - Knowledge - INFO - Async storage completed for 6 embeddings
2026-02-02 10:05:08,461 - Knowledge - INFO - Async storing batch of 6 embeddings
2026-02-02 10:05:08,780 - Knowledge - INFO - Worker kw13 processing /app/data/T0002/209001/b3686k5/wesnoth-209001/src/server/metrics.hpp
2026-02-02 10:05:08,889 - Knowledge - INFO - Fast-tracked /app/data/T0002/209001/b3686k5/wesnoth-209001/src/server/metrics.hpp (ext=.hpp, size=980)
2026-02-02 10:05:08,970 - Knowledge - INFO - Worker kw13 processing /app/data/T0002/209001/b3686k5/wesnoth-209001/src/server/player.hpp
2026-02-02 10:05:09,156 - Knowledge - INFO - Fast-tracked /app/data/T0002/209001/b3686k5/wesnoth-209001/src/server/player.hpp (ext=.hpp, size=739)
2026-02-02 10:05:09,223 - Knowledge - INFO - Worker kw13 processing /app/data/T0002/209001/b3686k5/wesnoth-209001/src/server/proxy.cpp
2026-02-02 10:05:09,350 - Knowledge - INFO - Fast-tracked /app/data/T0002/209001/b3686k5/wesnoth-209001/src/server/proxy.cpp (ext=.cpp, size=1564)
2026-02-02 10:05:09,359 - Knowledge - INFO - Worker kw13 processing /app/data/T0002/209001/b3686k5/wesnoth-209001/src/server/game.cpp
2026-02-02 10:05:09,449 - Knowledge - INFO - Worker kw13 processing /app/data/T0002/209001/b3686k5/wesnoth-209001/src/server/variable.cpp
2026-02-02 10:05:09,552 - Knowledge - INFO - Fast-tracked /app/data/T0002/209001/b3686k5/wesnoth-209001/src/server/variable.cpp (ext=.cpp, size=1018)
2026-02-02 10:05:09,563 - Knowledge - INFO - Worker kw13 processing /app/data/T0002/209001/b3686k5/wesnoth-209001/src/editor/scenario_editor.hpp
2026-02-02 10:05:09,663 - Knowledge - INFO - process ingested knowledge for /app/data/T0002/209001/b3686k5/wesnoth-209001/src/array.hpp
2026-02-02 10:05:09,663 - Knowledge - INFO - Fast-tracked /app/data/T0002/209001/b3686k5/wesnoth-209001/src/editor/scenario_editor.hpp (ext=.hpp, size=1598)
2026-02-02 10:05:09,725 - Knowledge - INFO - process ingested knowledge for /app/data/T0002/209001/b3686k5/wesnoth-209001/src/filesystem.cpp
2026-02-02 10:05:10,549 - Knowledge - INFO - Async storage completed for 6 embeddings
2026-02-02 10:05:11,400 - Knowledge - INFO - [LLM_CALL] Completed: publish_campaign.cpp:chunk1, Duration: 58012ms, PromptTokens: 3628, CompletionTokens: 749, Cost: $0.00066
2026-02-02 10:05:11,442 - Knowledge - INFO - done ingest for /app/data/T0002/209001/b3686k5/wesnoth-209001/src/publish_campaign.cpp
2026-02-02 10:05:12,402 - Knowledge - INFO - process ingested knowledge for /app/data/T0002/209001/b3686k5/wesnoth-209001/src/multiplayer_lobby.hpp
2026-02-02 10:05:12,479 - Knowledge - INFO - process ingested knowledge for /app/data/T0002/209001/b3686k5/wesnoth-209001/src/events.cpp
2026-02-02 10:05:12,845 - Knowledge - INFO - [WEBSOCKET] Sent: Type=progress_update, Size: 294, Duration: 0ms
2026-02-02 10:05:12,861 - Knowledge - INFO - [WEBSOCKET] Sent: Type=unknown, Size: ?, Duration: 16ms
2026-02-02 10:05:12,876 - Knowledge - INFO - Progress: 25.7% | Files: 123/474 | Rate: 0.48 files/sec | Queue: 270
2026-02-02 10:05:12,929 - Knowledge - INFO - process ingested knowledge for /app/data/T0002/209001/b3686k5/wesnoth-209001/src/unit_types.cpp
2026-02-02 10:05:12,957 - Knowledge - INFO - process ingested knowledge for /app/data/T0002/209001/b3686k5/wesnoth-209001/src/terrain.cpp
2026-02-02 10:05:13,127 - Knowledge - INFO - [LLM_CALL] Completed: config.cpp:chunk1, Duration: 87729ms, PromptTokens: 8606, CompletionTokens: 369, Cost: $0.00101
2026-02-02 10:05:13,138 - Knowledge - INFO - done ingest for /app/data/T0002/209001/b3686k5/wesnoth-209001/src/config.cpp
2026-02-02 10:05:13,186 - Knowledge - INFO - Processing batch of 6 files
2026-02-02 10:05:13,259 - Knowledge - INFO - process ingested knowledge for /app/data/T0002/209001/b3686k5/wesnoth-209001/src/image.cpp
2026-02-02 10:05:14,175 - Knowledge - INFO - process ingested knowledge for /app/data/T0002/209001/b3686k5/wesnoth-209001/src/gettext.cpp
2026-02-02 10:05:14,299 - Knowledge - INFO - [LLM_CALL] Completed: multiplayer_ui.hpp:chunk1, Duration: 111154ms, PromptTokens: 3170, CompletionTokens: 943, Cost: $0.00069
2026-02-02 10:05:14,390 - Knowledge - INFO - [kw2] Queue=270, InProgress=0, PendingWorkers=20/20, Completed=126/474 (26.6%)
2026-02-02 10:05:14,431 - Knowledge - INFO - done ingest for /app/data/T0002/209001/b3686k5/wesnoth-209001/src/multiplayer_ui.hpp
2026-02-02 10:05:14,432 - Knowledge - INFO - [kw19] Queue=270, InProgress=0, PendingWorkers=20/20, Completed=126/474 (26.6%)
2026-02-02 10:05:14,469 - Knowledge - INFO - process ingested knowledge for /app/data/T0002/209001/b3686k5/wesnoth-209001/src/tstring.cpp
2026-02-02 10:05:14,523 - Knowledge - INFO - Batch sizing: calculated=6, max_allowed=10, queue=270, active_workers=20/20
2026-02-02 10:05:14,697 - Knowledge - INFO - Batch sizing: calculated=6, max_allowed=10, queue=270, active_workers=20/20
2026-02-02 10:05:17,371 - Knowledge - INFO - process ingested knowledge for /app/data/T0002/209001/b3686k5/wesnoth-209001/src/multiplayer_create.cpp
2026-02-02 10:05:17,430 - Knowledge - INFO - Async storing batch of 6 embeddings
2026-02-02 10:05:17,658 - Knowledge - INFO - Async storing batch of 6 embeddings
2026-02-02 10:05:17,706 - Knowledge - WARNING - Timeout processing /app/data/T0002/209001/b3686k5/wesnoth-209001/src/hotkeys.hpp after 90s - using fallback metadata
2026-02-02 10:05:17,936 - Knowledge - INFO - Worker kw2 processing /app/data/T0002/209001/b3686k5/wesnoth-209001/src/editor/map_manip.hpp
2026-02-02 10:05:18,189 - Knowledge - INFO - Worker kw19 processing /app/data/T0002/209001/b3686k5/wesnoth-209001/src/editor/editor_palettes.hpp
2026-02-02 10:05:18,283 - Knowledge - WARNING - Timeout processing /app/data/T0002/209001/b3686k5/wesnoth-209001/src/multiplayer_wait.cpp after 90s - using fallback metadata
2026-02-02 10:05:18,488 - Knowledge - INFO - Worker kw2 processing /app/data/T0002/209001/b3686k5/wesnoth-209001/src/editor/editor.cpp
2026-02-02 10:05:18,584 - Knowledge - INFO - Worker kw19 processing /app/data/T0002/209001/b3686k5/wesnoth-209001/src/editor/editor_palettes.cpp
2026-02-02 10:05:18,669 - Knowledge - WARNING - Timeout processing /app/data/T0002/209001/b3686k5/wesnoth-209001/src/font.hpp after 90s - using fallback metadata
2026-02-02 10:05:18,779 - Knowledge - INFO - Worker kw2 processing /app/data/T0002/209001/b3686k5/wesnoth-209001/src/editor/editor_main.cpp
2026-02-02 10:05:18,842 - Knowledge - INFO - Worker kw19 processing /app/data/T0002/209001/b3686k5/wesnoth-209001/src/editor/editor_layout.cpp
2026-02-02 10:05:18,856 - Knowledge - WARNING - Timeout processing /app/data/T0002/209001/b3686k5/wesnoth-209001/src/video.hpp after 90s - using fallback metadata
2026-02-02 10:05:18,887 - Knowledge - INFO - [LLM_CALL] Completed: SDL_ttf.h:chunk1, Duration: 259364ms, PromptTokens: 5860, CompletionTokens: 1586, Cost: $0.00122
2026-02-02 10:05:18,955 - Knowledge - INFO - Fast-tracked /app/data/T0002/209001/b3686k5/wesnoth-209001/src/editor/editor_layout.cpp (ext=.cpp, size=1186)
2026-02-02 10:05:19,002 - Knowledge - INFO - Worker kw2 processing /app/data/T0002/209001/b3686k5/wesnoth-209001/src/editor/editor_undo.hpp
2026-02-02 10:05:19,084 - Knowledge - INFO - done ingest for /app/data/T0002/209001/b3686k5/wesnoth-209001/src/sdl_ttf/SDL_ttf.h
2026-02-02 10:05:19,122 - Knowledge - INFO - Worker kw19 processing /app/data/T0002/209001/b3686k5/wesnoth-209001/src/editor/editor.hpp
2026-02-02 10:05:19,288 - Knowledge - INFO - Worker kw2 processing /app/data/T0002/209001/b3686k5/wesnoth-209001/src/editor/editor_dialogs.cpp
2026-02-02 10:05:19,434 - Knowledge - INFO - Worker kw2 processing /app/data/T0002/209001/b3686k5/wesnoth-209001/src/editor/editor_layout.hpp
2026-02-02 10:05:19,453 - Knowledge - INFO - Worker kw19 processing /app/data/T0002/209001/b3686k5/wesnoth-209001/src/editor/editor_undo.cpp
2026-02-02 10:05:19,538 - Knowledge - INFO - Fast-tracked /app/data/T0002/209001/b3686k5/wesnoth-209001/src/editor/editor_layout.hpp (ext=.hpp, size=1154)
2026-02-02 10:05:19,577 - Knowledge - INFO - Worker kw19 processing /app/data/T0002/209001/b3686k5/wesnoth-209001/src/editor/map_manip.cpp
2026-02-02 10:05:19,858 - Knowledge - INFO - Fast-tracked /app/data/T0002/209001/b3686k5/wesnoth-209001/src/editor/map_manip.hpp (small file (2255 bytes))
2026-02-02 10:05:20,262 - Knowledge - INFO - process ingested knowledge for /app/data/T0002/209001/b3686k5/wesnoth-209001/src/display.hpp
2026-02-02 10:05:22,806 - Knowledge - INFO - [LLM_CALL] Completed: reports.cpp:chunk1, Duration: 263331ms, PromptTokens: 7892, CompletionTokens: 810, Cost: $0.00111
2026-02-02 10:05:22,855 - Knowledge - INFO - done ingest for /app/data/T0002/209001/b3686k5/wesnoth-209001/src/reports.cpp
2026-02-02 10:05:23,170 - Knowledge - INFO - process ingested knowledge for /app/data/T0002/209001/b3686k5/wesnoth-209001/src/config.hpp
2026-02-02 10:05:23,294 - Knowledge - INFO - Async storage completed for 6 embeddings
2026-02-02 10:05:23,740 - Knowledge - INFO - Async storage completed for 6 embeddings
2026-02-02 10:05:24,183 - Knowledge - INFO - [LLM_CALL] Completed: slider.cpp:chunk1, Duration: 59596ms, PromptTokens: 2892, CompletionTokens: 775, Cost: $0.00060
2026-02-02 10:05:24,240 - Knowledge - INFO - done ingest for /app/data/T0002/209001/b3686k5/wesnoth-209001/src/widgets/slider.cpp
2026-02-02 10:05:24,527 - Knowledge - INFO - Processing batch of 6 files
2026-02-02 10:05:24,528 - Knowledge - INFO - process ingested knowledge for /app/data/T0002/209001/b3686k5/wesnoth-209001/src/team.hpp
2026-02-02 10:05:25,921 - Knowledge - INFO - process ingested knowledge for /app/data/T0002/209001/b3686k5/wesnoth-209001/src/variable.hpp
2026-02-02 10:05:26,095 - Knowledge - INFO - process ingested knowledge for /app/data/T0002/209001/b3686k5/wesnoth-209001/src/intro.cpp
2026-02-02 10:05:26,290 - Knowledge - INFO - [LLM_CALL] Completed: scrollbar.cpp:chunk1, Duration: 47863ms, PromptTokens: 5464, CompletionTokens: 924, Cost: $0.00092
2026-02-02 10:05:26,304 - Knowledge - INFO - done ingest for /app/data/T0002/209001/b3686k5/wesnoth-209001/src/widgets/scrollbar.cpp
2026-02-02 10:05:26,469 - Knowledge - INFO - [LLM_CALL] Completed: scrollpane.cpp:chunk1, Duration: 61227ms, PromptTokens: 2942, CompletionTokens: 747, Cost: $0.00059
2026-02-02 10:05:26,556 - Knowledge - INFO - done ingest for /app/data/T0002/209001/b3686k5/wesnoth-209001/src/widgets/scrollpane.cpp
2026-02-02 10:05:28,751 - Knowledge - INFO - [WEBSOCKET] Sent: Type=progress_update, Size: 293, Duration: 0ms
2026-02-02 10:05:28,798 - Knowledge - INFO - [WEBSOCKET] Sent: Type=unknown, Size: ?, Duration: 47ms
2026-02-02 10:05:28,851 - Knowledge - INFO - process ingested knowledge for /app/data/T0002/209001/b3686k5/wesnoth-209001/src/builder.hpp
2026-02-02 10:05:28,956 - Knowledge - INFO - Progress: 29.1% | Files: 141/474 | Rate: 0.52 files/sec | Queue: 258
2026-02-02 10:05:29,080 - Knowledge - INFO - [LLM_CALL] Completed: replay.hpp:chunk1, Duration: 141931ms, PromptTokens: 2952, CompletionTokens: 1564, Cost: $0.00092
2026-02-02 10:05:29,129 - Knowledge - INFO - done ingest for /app/data/T0002/209001/b3686k5/wesnoth-209001/src/replay.hpp
2026-02-02 10:05:29,279 - Knowledge - INFO - Processing batch of 6 files
2026-02-02 10:05:29,346 - Knowledge - INFO - process ingested knowledge for /app/data/T0002/209001/b3686k5/wesnoth-209001/src/random.hpp
2026-02-02 10:05:31,240 - Knowledge - INFO - process ingested knowledge for /app/data/T0002/209001/b3686k5/wesnoth-209001/src/mapgen_dialog.hpp
2026-02-02 10:05:31,297 - Knowledge - INFO - process ingested knowledge for /app/data/T0002/209001/b3686k5/wesnoth-209001/src/global.hpp
2026-02-02 10:05:31,651 - Knowledge - INFO - Processing batch of 6 files
2026-02-02 10:05:31,656 - Knowledge - INFO - process ingested knowledge for /app/data/T0002/209001/b3686k5/wesnoth-209001/src/font.cpp
2026-02-02 10:05:32,238 - Knowledge - INFO - [kw18] Queue=258, InProgress=0, PendingWorkers=20/20, Completed=144/474 (30.4%)
2026-02-02 10:05:32,255 - Knowledge - INFO - process ingested knowledge for /app/data/T0002/209001/b3686k5/wesnoth-209001/src/titlescreen.cpp
2026-02-02 10:05:32,276 - Knowledge - INFO - process ingested knowledge for /app/data/T0002/209001/b3686k5/wesnoth-209001/src/publish_campaign.cpp
2026-02-02 10:05:32,276 - Knowledge - INFO - Batch sizing: calculated=6, max_allowed=10, queue=258, active_workers=20/20
2026-02-02 10:05:32,334 - Knowledge - INFO - process ingested knowledge for /app/data/T0002/209001/b3686k5/wesnoth-209001/src/hotkeys.cpp
2026-02-02 10:05:33,976 - Knowledge - INFO - process ingested knowledge for /app/data/T0002/209001/b3686k5/wesnoth-209001/src/log.cpp
2026-02-02 10:05:34,035 - Knowledge - INFO - process ingested knowledge for /app/data/T0002/209001/b3686k5/wesnoth-209001/src/map_create.hpp
2026-02-02 10:05:34,188 - Knowledge - INFO - Async storing batch of 6 embeddings
2026-02-02 10:05:34,346 - Knowledge - INFO - Worker kw18 processing /app/data/T0002/209001/b3686k5/wesnoth-209001/src/editor/scenario_editor.cpp
2026-02-02 10:05:34,382 - Knowledge - INFO - Fast-tracked /app/data/T0002/209001/b3686k5/wesnoth-209001/src/editor/scenario_editor.cpp (ext=.cpp, size=1444)
2026-02-02 10:05:34,450 - Knowledge - INFO - Worker kw18 processing /app/data/T0002/209001/b3686k5/wesnoth-209001/src/editor/editor_dialogs.hpp
2026-02-02 10:05:34,681 - Knowledge - INFO - Fast-tracked /app/data/T0002/209001/b3686k5/wesnoth-209001/src/editor/editor_dialogs.hpp (ext=.hpp, size=1769)
2026-02-02 10:05:34,761 - Knowledge - INFO - Worker kw18 processing /app/data/T0002/209001/b3686k5/wesnoth-209001/src/astarnode.hpp
2026-02-02 10:05:34,910 - Knowledge - INFO - Fast-tracked /app/data/T0002/209001/b3686k5/wesnoth-209001/src/astarnode.hpp (ext=.hpp, size=1479)
2026-02-02 10:05:34,929 - Knowledge - INFO - Worker kw18 processing /app/data/T0002/209001/b3686k5/wesnoth-209001/src/playcampaign.cpp
2026-02-02 10:05:34,972 - Knowledge - INFO - Worker kw18 processing /app/data/T0002/209001/b3686k5/wesnoth-209001/src/sound.hpp
2026-02-02 10:05:34,984 - Knowledge - INFO - Fast-tracked /app/data/T0002/209001/b3686k5/wesnoth-209001/src/sound.hpp (ext=.hpp, size=786)
2026-02-02 10:05:35,144 - Knowledge - INFO - Worker kw18 processing /app/data/T0002/209001/b3686k5/wesnoth-209001/src/key.hpp
2026-02-02 10:05:35,288 - Knowledge - INFO - Fast-tracked /app/data/T0002/209001/b3686k5/wesnoth-209001/src/key.hpp (ext=.hpp, size=892)
2026-02-02 10:05:35,429 - Knowledge - INFO - [WEBSOCKET] Sent: Type=progress_update, Size: 295, Duration: 0ms
2026-02-02 10:05:35,477 - Knowledge - INFO - [WEBSOCKET] Sent: Type=unknown, Size: ?, Duration: 48ms
2026-02-02 10:05:35,482 - Knowledge - INFO - Progress: 31.2% | Files: 148/474 | Rate: 0.53 files/sec | Queue: 252
2026-02-02 10:05:35,589 - Knowledge - INFO - process ingested knowledge for /app/data/T0002/209001/b3686k5/wesnoth-209001/src/titlescreen.hpp
2026-02-02 10:05:35,767 - Knowledge - INFO - Processing batch of 6 files
2026-02-02 10:05:35,827 - Knowledge - INFO - process ingested knowledge for /app/data/T0002/209001/b3686k5/wesnoth-209001/src/halo.cpp
2026-02-02 10:05:36,040 - Knowledge - INFO - Async storage completed for 6 embeddings
2026-02-02 10:05:36,538 - Knowledge - INFO - process ingested knowledge for /app/data/T0002/209001/b3686k5/wesnoth-209001/src/widgets/progressbar.hpp
2026-02-02 10:05:37,522 - Knowledge - INFO - [kw12] Queue=252, InProgress=0, PendingWorkers=20/20, Completed=148/474 (31.2%)
2026-02-02 10:05:37,574 - Knowledge - INFO - Batch sizing: calculated=6, max_allowed=10, queue=252, active_workers=20/20
2026-02-02 10:05:37,581 - Knowledge - INFO - process ingested knowledge for /app/data/T0002/209001/b3686k5/wesnoth-209001/src/mapgen_dialog.cpp
2026-02-02 10:05:37,654 - Knowledge - INFO - process ingested knowledge for /app/data/T0002/209001/b3686k5/wesnoth-209001/src/widgets/file_chooser.hpp
2026-02-02 10:05:38,109 - Knowledge - INFO - [LLM_CALL] Completed: menu.hpp:chunk1, Duration: 50344ms, PromptTokens: 3660, CompletionTokens: 802, Cost: $0.00069
2026-02-02 10:05:38,229 - Knowledge - INFO - done ingest for /app/data/T0002/209001/b3686k5/wesnoth-209001/src/widgets/menu.hpp
2026-02-02 10:05:39,198 - Knowledge - INFO - process ingested knowledge for /app/data/T0002/209001/b3686k5/wesnoth-209001/src/language.cpp
2026-02-02 10:05:39,235 - Knowledge - INFO - Async storing batch of 6 embeddings
2026-02-02 10:05:39,253 - Knowledge - INFO - [kw17] Queue=246, InProgress=0, PendingWorkers=20/20, Completed=149/474 (31.4%)
2026-02-02 10:05:39,456 - Knowledge - INFO - Batch sizing: calculated=6, max_allowed=10, queue=246, active_workers=20/20
2026-02-02 10:05:39,711 - Knowledge - INFO - [LLM_CALL] Completed: widget.cpp:chunk1, Duration: 60678ms, PromptTokens: 3812, CompletionTokens: 700, Cost: $0.00066
2026-02-02 10:05:39,711 - Knowledge - INFO - done ingest for /app/data/T0002/209001/b3686k5/wesnoth-209001/src/widgets/widget.cpp
2026-02-02 10:05:39,845 - Knowledge - INFO - Worker kw12 processing /app/data/T0002/209001/b3686k5/wesnoth-209001/src/playlevel.cpp
2026-02-02 10:05:39,955 - Knowledge - INFO - Worker kw12 processing /app/data/T0002/209001/b3686k5/wesnoth-209001/src/cursor.cpp
2026-02-02 10:05:40,022 - Knowledge - INFO - Worker kw12 processing /app/data/T0002/209001/b3686k5/wesnoth-209001/src/gamestatus.cpp
2026-02-02 10:05:40,179 - Knowledge - INFO - Worker kw12 processing /app/data/T0002/209001/b3686k5/wesnoth-209001/src/pathutils.cpp
2026-02-02 10:05:40,433 - Knowledge - INFO - Worker kw12 processing /app/data/T0002/209001/b3686k5/wesnoth-209001/src/mouse.hpp
2026-02-02 10:05:40,601 - Knowledge - INFO - Fast-tracked /app/data/T0002/209001/b3686k5/wesnoth-209001/src/mouse.hpp (ext=.hpp, size=598)
2026-02-02 10:05:40,601 - Knowledge - INFO - Worker kw12 processing /app/data/T0002/209001/b3686k5/wesnoth-209001/src/tooltips.cpp
2026-02-02 10:05:40,623 - Knowledge - INFO - process ingested knowledge for /app/data/T0002/209001/b3686k5/wesnoth-209001/src/builder.cpp
2026-02-02 10:05:40,650 - Knowledge - INFO - process ingested knowledge for /app/data/T0002/209001/b3686k5/wesnoth-209001/src/hotkeys.hpp
2026-02-02 10:05:40,784 - Knowledge - INFO - Async storing batch of 6 embeddings
2026-02-02 10:05:40,878 - Knowledge - INFO - process ingested knowledge for /app/data/T0002/209001/b3686k5/wesnoth-209001/src/preferences.hpp
2026-02-02 10:05:40,925 - Knowledge - INFO - process ingested knowledge for /app/data/T0002/209001/b3686k5/wesnoth-209001/src/multiplayer_wait.cpp
2026-02-02 10:05:41,095 - Knowledge - INFO - Worker kw17 processing /app/data/T0002/209001/b3686k5/wesnoth-209001/src/wassert.hpp
2026-02-02 10:05:41,292 - Knowledge - INFO - Fast-tracked /app/data/T0002/209001/b3686k5/wesnoth-209001/src/wassert.hpp (ext=.hpp, size=514)
2026-02-02 10:05:41,322 - Knowledge - INFO - Processing batch of 6 files
2026-02-02 10:05:41,539 - Knowledge - INFO - Worker kw17 processing /app/data/T0002/209001/b3686k5/wesnoth-209001/src/help.hpp
2026-02-02 10:05:41,622 - Knowledge - INFO - process ingested knowledge for /app/data/T0002/209001/b3686k5/wesnoth-209001/src/widgets/slider.cpp
2026-02-02 10:05:41,646 - Knowledge - INFO - Fast-tracked /app/data/T0002/209001/b3686k5/wesnoth-209001/src/help.hpp (ext=.hpp, size=1738)
2026-02-02 10:05:41,693 - Knowledge - INFO - Worker kw17 processing /app/data/T0002/209001/b3686k5/wesnoth-209001/src/map.cpp
2026-02-02 10:05:41,892 - Knowledge - INFO - Worker kw17 processing /app/data/T0002/209001/b3686k5/wesnoth-209001/src/cavegen.hpp
2026-02-02 10:05:41,924 - Knowledge - INFO - Worker kw17 processing /app/data/T0002/209001/b3686k5/wesnoth-209001/src/game_events.cpp
2026-02-02 10:05:41,996 - Knowledge - INFO - Worker kw17 processing /app/data/T0002/209001/b3686k5/wesnoth-209001/src/pathfind.cpp
2026-02-02 10:05:43,277 - Knowledge - INFO - [LLM_CALL] Completed: server.cpp:chunk1, Duration: 36001ms, PromptTokens: 18372, CompletionTokens: 883, Cost: $0.00219
2026-02-02 10:05:43,344 - Knowledge - INFO - done ingest for /app/data/T0002/209001/b3686k5/wesnoth-209001/src/server/server.cpp
2026-02-02 10:05:43,358 - Knowledge - INFO - [LLM_CALL] Completed: actions.hpp:chunk1, Duration: 116412ms, PromptTokens: 5250, CompletionTokens: 1070, Cost: $0.00095
2026-02-02 10:05:43,461 - Knowledge - INFO - done ingest for /app/data/T0002/209001/b3686k5/wesnoth-209001/src/actions.hpp
2026-02-02 10:05:44,228 - Knowledge - INFO - Fast-tracked /app/data/T0002/209001/b3686k5/wesnoth-209001/src/pathutils.cpp (small file (2379 bytes))
2026-02-02 10:05:44,345 - Knowledge - INFO - Fast-tracked /app/data/T0002/209001/b3686k5/wesnoth-209001/src/cavegen.hpp (small file (2194 bytes))
2026-02-02 10:05:44,779 - Knowledge - INFO - Async storage completed for 6 embeddings
2026-02-02 10:05:45,027 - Knowledge - INFO - process ingested knowledge for /app/data/T0002/209001/b3686k5/wesnoth-209001/src/widgets/textbox.hpp
2026-02-02 10:05:45,077 - Knowledge - INFO - process ingested knowledge for /app/data/T0002/209001/b3686k5/wesnoth-209001/src/font.hpp
2026-02-02 10:05:45,504 - Knowledge - INFO - Async storage completed for 6 embeddings
2026-02-02 10:05:46,805 - Knowledge - INFO - process ingested knowledge for /app/data/T0002/209001/b3686k5/wesnoth-209001/src/video.hpp
2026-02-02 10:05:46,908 - Knowledge - INFO - process ingested knowledge for /app/data/T0002/209001/b3686k5/wesnoth-209001/src/widgets/scrollpane.cpp
2026-02-02 10:05:49,039 - Knowledge - INFO - [kw9] Queue=240, InProgress=0, PendingWorkers=20/20, Completed=152/474 (32.1%)
2026-02-02 10:05:49,039 - Knowledge - INFO - Batch sizing: calculated=6, max_allowed=10, queue=240, active_workers=20/20
2026-02-02 10:05:49,284 - Knowledge - INFO - [LLM_CALL] Completed: filesystem.hpp:chunk1, Duration: 147126ms, PromptTokens: 3186, CompletionTokens: 1433, Cost: $0.00089
2026-02-02 10:05:49,286 - Knowledge - INFO - done ingest for /app/data/T0002/209001/b3686k5/wesnoth-209001/src/filesystem.hpp
2026-02-02 10:05:52,090 - Knowledge - INFO - process ingested knowledge for /app/data/T0002/209001/b3686k5/wesnoth-209001/src/widgets/button.hpp
2026-02-02 10:05:53,930 - Knowledge - INFO - [LLM_CALL] Completed: file_chooser.cpp:chunk1, Duration: 66695ms, PromptTokens: 6720, CompletionTokens: 809, Cost: $0.00100
2026-02-02 10:05:54,010 - Knowledge - INFO - done ingest for /app/data/T0002/209001/b3686k5/wesnoth-209001/src/widgets/file_chooser.cpp
2026-02-02 10:05:54,603 - Knowledge - WARNING - Timeout processing /app/data/T0002/209001/b3686k5/wesnoth-209001/src/playturn.cpp after 90s - using fallback metadata
2026-02-02 10:05:54,654 - Knowledge - WARNING - Timeout processing /app/data/T0002/209001/b3686k5/wesnoth-209001/src/sdl_ttf/SDL_ttf.c after 90s - using fallback metadata
2026-02-02 10:05:56,700 - Knowledge - INFO - Async storing batch of 6 embeddings
2026-02-02 10:05:56,752 - Knowledge - INFO - process ingested knowledge for /app/data/T0002/209001/b3686k5/wesnoth-209001/src/widgets/scrollbar.hpp
2026-02-02 10:05:56,770 - Knowledge - INFO - Worker kw9 processing /app/data/T0002/209001/b3686k5/wesnoth-209001/autogen.sh
2026-02-02 10:05:57,140 - Knowledge - INFO - [LLM_CALL] Completed: menu.cpp:chunk1, Duration: 81481ms, PromptTokens: 14752, CompletionTokens: 2139, Cost: $0.00233
2026-02-02 10:05:57,141 - Knowledge - INFO - done ingest for /app/data/T0002/209001/b3686k5/wesnoth-209001/src/widgets/menu.cpp
2026-02-02 10:05:57,158 - Knowledge - INFO - Fast-tracked /app/data/T0002/209001/b3686k5/wesnoth-209001/autogen.sh (ext=.sh, size=98)
2026-02-02 10:05:57,287 - Knowledge - INFO - Worker kw9 processing /app/data/T0002/209001/b3686k5/wesnoth-209001/data/convert.pl
2026-02-02 10:05:57,385 - Knowledge - INFO - Fast-tracked /app/data/T0002/209001/b3686k5/wesnoth-209001/data/convert.pl (ext=.pl, size=498)
2026-02-02 10:05:57,385 - Knowledge - INFO - Worker kw9 processing /app/data/T0002/209001/b3686k5/wesnoth-209001/data/COPYING.txt
2026-02-02 10:05:57,469 - Knowledge - INFO - Fast-tracked /app/data/T0002/209001/b3686k5/wesnoth-209001/data/COPYING.txt (ext=.txt, size=18121)
2026-02-02 10:05:57,495 - Knowledge - INFO - Worker kw9 processing /app/data/T0002/209001/b3686k5/wesnoth-209001/doc/doxygen/header.html
2026-02-02 10:05:57,599 - Knowledge - INFO - Fast-tracked /app/data/T0002/209001/b3686k5/wesnoth-209001/doc/doxygen/header.html (ext=.html, size=866)
2026-02-02 10:05:57,645 - Knowledge - INFO - Worker kw9 processing /app/data/T0002/209001/b3686k5/wesnoth-209001/doc/doxygen/footer.html
2026-02-02 10:05:57,963 - Knowledge - INFO - [LLM_CALL] Completed: playcampaign.cpp:chunk1, Duration: 22208ms, PromptTokens: 5424, CompletionTokens: 459, Cost: $0.00073
2026-02-02 10:05:57,969 - Knowledge - INFO - done ingest for /app/data/T0002/209001/b3686k5/wesnoth-209001/src/playcampaign.cpp
2026-02-02 10:05:58,056 - Knowledge - INFO - Fast-tracked /app/data/T0002/209001/b3686k5/wesnoth-209001/doc/doxygen/footer.html (ext=.html, size=417)
2026-02-02 10:05:58,171 - Knowledge - INFO - Worker kw9 processing /app/data/T0002/209001/b3686k5/wesnoth-209001/doc/doxygen/stylesheet.css
2026-02-02 10:05:58,238 - Knowledge - INFO - Fast-tracked /app/data/T0002/209001/b3686k5/wesnoth-209001/doc/doxygen/stylesheet.css (ext=.css, size=4847)
2026-02-02 10:05:58,239 - Knowledge - INFO - Async storage completed for 6 embeddings
2026-02-02 10:06:00,096 - Knowledge - INFO - process ingested knowledge for /app/data/T0002/209001/b3686k5/wesnoth-209001/src/widgets/widget.hpp
2026-02-02 10:06:01,461 - Knowledge - INFO - [WEBSOCKET] Sent: Type=progress_update, Size: 292, Duration: 0ms
2026-02-02 10:06:01,587 - Knowledge - INFO - [WEBSOCKET] Sent: Type=unknown, Size: ?, Duration: 126ms
2026-02-02 10:06:01,656 - Knowledge - INFO - Progress: 34.0% | Files: 161/474 | Rate: 0.53 files/sec | Queue: 234
2026-02-02 10:06:01,839 - Knowledge - INFO - Processing batch of 6 files
2026-02-02 10:06:01,941 - Knowledge - INFO - process ingested knowledge for /app/data/T0002/209001/b3686k5/wesnoth-209001/src/server/metrics.cpp
2026-02-02 10:06:05,343 - Knowledge - INFO - [LLM_CALL] Completed: button.cpp:chunk1, Duration: 85821ms, PromptTokens: 4868, CompletionTokens: 677, Cost: $0.00076
2026-02-02 10:06:05,350 - Knowledge - INFO - done ingest for /app/data/T0002/209001/b3686k5/wesnoth-209001/src/widgets/button.cpp
2026-02-02 10:06:05,370 - Knowledge - WARNING - Timeout processing /app/data/T0002/209001/b3686k5/wesnoth-209001/src/network.cpp after 90s - using fallback metadata
2026-02-02 10:06:05,535 - Knowledge - INFO - process ingested knowledge for /app/data/T0002/209001/b3686k5/wesnoth-209001/src/server/server.cpp
2026-02-02 10:06:06,241 - Knowledge - INFO - [LLM_CALL] Completed: game.cpp:chunk1, Duration: 55959ms, PromptTokens: 9838, CompletionTokens: 1457, Cost: $0.00157
2026-02-02 10:06:06,443 - Knowledge - INFO - done ingest for /app/data/T0002/209001/b3686k5/wesnoth-209001/src/server/game.cpp
2026-02-02 10:06:06,884 - Knowledge - INFO - [kw7] Queue=234, InProgress=0, PendingWorkers=20/20, Completed=166/474 (35.0%)
2026-02-02 10:06:06,938 - Knowledge - INFO - Batch sizing: calculated=6, max_allowed=10, queue=234, active_workers=20/20
2026-02-02 10:06:08,085 - Knowledge - INFO - process ingested knowledge for /app/data/T0002/209001/b3686k5/wesnoth-209001/src/server/proxy.hpp
2026-02-02 10:06:08,257 - Knowledge - INFO - [WEBSOCKET] Sent: Type=progress_update, Size: 295, Duration: 0ms
2026-02-02 10:06:08,258 - Knowledge - INFO - [WEBSOCKET] Sent: Type=unknown, Size: ?, Duration: 1ms
2026-02-02 10:06:08,267 - Knowledge - INFO - Progress: 36.5% | Files: 173/474 | Rate: 0.56 files/sec | Queue: 228
2026-02-02 10:06:08,273 - Knowledge - INFO - Async storing batch of 6 embeddings
2026-02-02 10:06:08,287 - Knowledge - INFO - Worker kw7 processing /app/data/T0002/209001/b3686k5/wesnoth-209001/doc/doxygen/doxygen.cpp
2026-02-02 10:06:08,370 - Knowledge - INFO - Worker kw7 processing /app/data/T0002/209001/b3686k5/wesnoth-209001/tools/castle-cutter/mk-castle.sh
2026-02-02 10:06:08,382 - Knowledge - INFO - Worker kw7 processing /app/data/T0002/209001/b3686k5/wesnoth-209001/tools/castle-cutter/mk-all-castles.sh
2026-02-02 10:06:08,435 - Knowledge - INFO - Fast-tracked /app/data/T0002/209001/b3686k5/wesnoth-209001/tools/castle-cutter/mk-all-castles.sh (ext=.sh, size=329)
2026-02-02 10:06:08,480 - Knowledge - INFO - Worker kw7 processing /app/data/T0002/209001/b3686k5/wesnoth-209001/tools/mk-edges.pl
2026-02-02 10:06:08,494 - Knowledge - INFO - Fast-tracked /app/data/T0002/209001/b3686k5/wesnoth-209001/tools/mk-edges.pl (ext=.pl, size=650)
2026-02-02 10:06:08,522 - Knowledge - INFO - Worker kw7 processing /app/data/T0002/209001/b3686k5/wesnoth-209001/utils/random_map.pl
2026-02-02 10:06:08,561 - Knowledge - INFO - Worker kw7 processing /app/data/T0002/209001/b3686k5/wesnoth-209001/utils/wml_net.pm
2026-02-02 10:06:08,660 - Knowledge - INFO - Fast-tracked /app/data/T0002/209001/b3686k5/wesnoth-209001/utils/wml_net.pm (ext=.pm, size=1503)
2026-02-02 10:06:08,745 - Knowledge - INFO - [kw3] Queue=228, InProgress=0, PendingWorkers=20/20, Completed=173/474 (36.5%)
2026-02-02 10:06:08,757 - Knowledge - INFO - [kw8] Queue=228, InProgress=0, PendingWorkers=20/20, Completed=173/474 (36.5%)
2026-02-02 10:06:08,774 - Knowledge - INFO - Batch sizing: calculated=6, max_allowed=10, queue=228, active_workers=20/20
2026-02-02 10:06:08,835 - Knowledge - INFO - Batch sizing: calculated=6, max_allowed=10, queue=228, active_workers=20/20
2026-02-02 10:06:08,923 - Knowledge - INFO - process ingested knowledge for /app/data/T0002/209001/b3686k5/wesnoth-209001/src/server/input_stream.cpp
2026-02-02 10:06:08,943 - Knowledge - INFO - Async storing batch of 6 embeddings
2026-02-02 10:06:08,955 - Knowledge - INFO - Async storing batch of 6 embeddings
2026-02-02 10:06:08,962 - Knowledge - INFO - Worker kw3 processing /app/data/T0002/209001/b3686k5/wesnoth-209001/utils/wmltrans.pm
2026-02-02 10:06:08,981 - Knowledge - INFO - Worker kw8 processing /app/data/T0002/209001/b3686k5/wesnoth-209001/MacOSX/SDLMacOSXMain.h
2026-02-02 10:06:09,058 - Knowledge - INFO - Fast-tracked /app/data/T0002/209001/b3686k5/wesnoth-209001/tools/castle-cutter/mk-castle.sh (small file (2726 bytes))
2026-02-02 10:06:09,173 - Knowledge - INFO - Fast-tracked /app/data/T0002/209001/b3686k5/wesnoth-209001/MacOSX/SDLMacOSXMain.h (ext=.h, size=1320)
2026-02-02 10:06:09,173 - Knowledge - INFO - Fast-tracked /app/data/T0002/209001/b3686k5/wesnoth-209001/utils/wmltrans.pm (ext=.pm, size=1909)
2026-02-02 10:06:09,222 - Knowledge - INFO - Worker kw8 processing /app/data/T0002/209001/b3686k5/wesnoth-209001/MacOSX/extra_mac_headers.h
2026-02-02 10:06:09,239 - Knowledge - INFO - Worker kw3 processing /app/data/T0002/209001/b3686k5/wesnoth-209001/utils/wml.pm
2026-02-02 10:06:09,288 - Knowledge - INFO - Worker kw3 processing /app/data/T0002/209001/b3686k5/wesnoth-209001/utils/campaigns_client.pl
2026-02-02 10:06:09,288 - Knowledge - INFO - Fast-tracked /app/data/T0002/209001/b3686k5/wesnoth-209001/MacOSX/extra_mac_headers.h (ext=.h, size=212)
2026-02-02 10:06:09,337 - Knowledge - INFO - Worker kw8 processing /app/data/T0002/209001/b3686k5/wesnoth-209001/MacOSX/freetype-headers/freetype/ftrender.h
2026-02-02 10:06:09,344 - Knowledge - INFO - Worker kw3 processing /app/data/T0002/209001/b3686k5/wesnoth-209001/graphincludes/project/wesnoth.pm
2026-02-02 10:06:09,367 - Knowledge - INFO - Async storage completed for 6 embeddings
2026-02-02 10:06:09,426 - Knowledge - INFO - Worker kw3 processing /app/data/T0002/209001/b3686k5/wesnoth-209001/MacOSX/config.h
2026-02-02 10:06:09,445 - Knowledge - INFO - Worker kw8 processing /app/data/T0002/209001/b3686k5/wesnoth-209001/MacOSX/freetype-headers/freetype/ftstroke.h
2026-02-02 10:06:09,484 - Knowledge - INFO - Fast-tracked /app/data/T0002/209001/b3686k5/wesnoth-209001/MacOSX/config.h (ext=.h, size=75)
2026-02-02 10:06:09,534 - Knowledge - INFO - Worker kw8 processing /app/data/T0002/209001/b3686k5/wesnoth-209001/MacOSX/freetype-headers/freetype/fterrdef.h
2026-02-02 10:06:09,598 - Knowledge - INFO - Worker kw3 processing /app/data/T0002/209001/b3686k5/wesnoth-209001/MacOSX/SDLMacOSXMain.m
2026-02-02 10:06:09,639 - Knowledge - INFO - Worker kw8 processing /app/data/T0002/209001/b3686k5/wesnoth-209001/MacOSX/freetype-headers/freetype/ftpfr.h
2026-02-02 10:06:09,858 - Knowledge - WARNING - Timeout processing /app/data/T0002/209001/b3686k5/wesnoth-209001/src/preferences.cpp after 90s - using fallback metadata
2026-02-02 10:06:09,924 - Knowledge - WARNING - Timeout processing /app/data/T0002/209001/b3686k5/wesnoth-209001/src/game.cpp after 90s - using fallback metadata
2026-02-02 10:06:09,965 - Knowledge - WARNING - Timeout processing /app/data/T0002/209001/b3686k5/wesnoth-209001/src/ai.cpp after 90s - using fallback metadata
2026-02-02 10:06:09,987 - Knowledge - INFO - Processing batch of 6 files
2026-02-02 10:06:10,022 - Knowledge - INFO - process ingested knowledge for /app/data/T0002/209001/b3686k5/wesnoth-209001/src/server/player.cpp
2026-02-02 10:06:10,031 - Knowledge - INFO - Fast-tracked /app/data/T0002/209001/b3686k5/wesnoth-209001/MacOSX/freetype-headers/freetype/ftstroke.h (small file (0 bytes))
2026-02-02 10:06:10,123 - Knowledge - INFO - [kw15] Queue=216, InProgress=0, PendingWorkers=20/20, Completed=186/474 (39.2%)
2026-02-02 10:06:10,138 - Knowledge - INFO - Fast-tracked /app/data/T0002/209001/b3686k5/wesnoth-209001/graphincludes/project/wesnoth.pm (small file (2343 bytes))
2026-02-02 10:06:10,166 - Knowledge - INFO - process ingested knowledge for /app/data/T0002/209001/b3686k5/wesnoth-209001/autogen.sh
2026-02-02 10:06:10,227 - Knowledge - INFO - process ingested knowledge for /app/data/T0002/209001/b3686k5/wesnoth-209001/src/server/input_stream.hpp
2026-02-02 10:06:10,361 - Knowledge - INFO - Batch sizing: calculated=6, max_allowed=10, queue=216, active_workers=20/20
2026-02-02 10:06:10,386 - Knowledge - INFO - Processing batch of 6 files
2026-02-02 10:06:10,423 - Knowledge - INFO - Fast-tracked /app/data/T0002/209001/b3686k5/wesnoth-209001/MacOSX/SDLMacOSXMain.m (small file (0 bytes))
2026-02-02 10:06:10,480 - Knowledge - INFO - Async storage completed for 6 embeddings
2026-02-02 10:06:10,493 - Knowledge - INFO - process ingested knowledge for /app/data/T0002/209001/b3686k5/wesnoth-209001/src/game_config.cpp
2026-02-02 10:06:10,652 - Knowledge - INFO - Async storage completed for 6 embeddings
2026-02-02 10:06:10,857 - Knowledge - INFO - process ingested knowledge for /app/data/T0002/209001/b3686k5/wesnoth-209001/data/convert.pl
2026-02-02 10:06:10,857 - Knowledge - INFO - Processing batch of 6 files
2026-02-02 10:06:10,875 - Knowledge - INFO - Processing batch of 6 files
2026-02-02 10:06:10,925 - Knowledge - INFO - process ingested knowledge for /app/data/T0002/209001/b3686k5/wesnoth-209001/src/playturn.cpp
2026-02-02 10:06:10,940 - Knowledge - INFO - process ingested knowledge for /app/data/T0002/209001/b3686k5/wesnoth-209001/src/editor/scenario_editor.cpp
2026-02-02 10:06:10,941 - Knowledge - INFO - Async storing batch of 6 embeddings
2026-02-02 10:06:10,944 - Knowledge - INFO - process ingested knowledge for /app/data/T0002/209001/b3686k5/wesnoth-209001/data/COPYING.txt
2026-02-02 10:06:10,945 - Knowledge - INFO - process ingested knowledge for /app/data/T0002/209001/b3686k5/wesnoth-209001/src/widgets/menu.cpp
2026-02-02 10:06:11,124 - Knowledge - INFO - Worker kw15 processing /app/data/T0002/209001/b3686k5/wesnoth-209001/MacOSX/freetype-headers/freetype/cache/ftcsbits.h
2026-02-02 10:06:11,304 - Knowledge - INFO - Worker kw15 processing /app/data/T0002/209001/b3686k5/wesnoth-209001/MacOSX/freetype-headers/freetype/cache/ftccmap.h
2026-02-02 10:06:11,434 - Knowledge - INFO - Worker kw15 processing /app/data/T0002/209001/b3686k5/wesnoth-209001/MacOSX/freetype-headers/freetype/cache/ftcimage.h
2026-02-02 10:06:11,480 - Knowledge - INFO - Worker kw15 processing /app/data/T0002/209001/b3686k5/wesnoth-209001/MacOSX/freetype-headers/freetype/cache/ftcglyph.h
2026-02-02 10:06:11,482 - Knowledge - INFO - process ingested knowledge for /app/data/T0002/209001/b3686k5/wesnoth-209001/src/widgets/label.hpp
2026-02-02 10:06:11,500 - Knowledge - INFO - process ingested knowledge for /app/data/T0002/209001/b3686k5/wesnoth-209001/src/editor/editor_dialogs.hpp
2026-02-02 10:06:11,534 - Knowledge - INFO - Worker kw15 processing /app/data/T0002/209001/b3686k5/wesnoth-209001/MacOSX/freetype-headers/freetype/cache/ftcmanag.h
2026-02-02 10:06:11,540 - Knowledge - INFO - process ingested knowledge for /app/data/T0002/209001/b3686k5/wesnoth-209001/doc/doxygen/header.html
2026-02-02 10:06:11,564 - Knowledge - INFO - process ingested knowledge for /app/data/T0002/209001/b3686k5/wesnoth-209001/src/widgets/combo.hpp
2026-02-02 10:06:11,629 - Knowledge - INFO - process ingested knowledge for /app/data/T0002/209001/b3686k5/wesnoth-209001/src/astarnode.hpp
2026-02-02 10:06:11,637 - Knowledge - INFO - Worker kw15 processing /app/data/T0002/209001/b3686k5/wesnoth-209001/MacOSX/freetype-headers/freetype/cache/ftccache.h
2026-02-02 10:06:11,704 - Knowledge - INFO - Processing batch of 6 files
2026-02-02 10:06:11,704 - Knowledge - INFO - Processing batch of 6 files
2026-02-02 10:06:11,874 - Knowledge - INFO - process ingested knowledge for /app/data/T0002/209001/b3686k5/wesnoth-209001/src/server/metrics.hpp
2026-02-02 10:06:11,890 - Knowledge - INFO - Fast-tracked /app/data/T0002/209001/b3686k5/wesnoth-209001/MacOSX/freetype-headers/freetype/cache/ftcsbits.h (small file (3071 bytes))
2026-02-02 10:06:11,922 - Knowledge - INFO - process ingested knowledge for /app/data/T0002/209001/b3686k5/wesnoth-209001/src/widgets/scrollarea.cpp
2026-02-02 10:06:12,134 - Knowledge - INFO - process ingested knowledge for /app/data/T0002/209001/b3686k5/wesnoth-209001/doc/doxygen/footer.html
2026-02-02 10:06:12,146 - Knowledge - INFO - process ingested knowledge for /app/data/T0002/209001/b3686k5/wesnoth-209001/src/network.hpp
2026-02-02 10:06:12,148 - Knowledge - INFO - process ingested knowledge for /app/data/T0002/209001/b3686k5/wesnoth-209001/src/widgets/scrollarea.hpp
2026-02-02 10:06:12,196 - Knowledge - INFO - process ingested knowledge for /app/data/T0002/209001/b3686k5/wesnoth-209001/src/playcampaign.cpp
2026-02-02 10:06:12,230 - Knowledge - INFO - process ingested knowledge for /app/data/T0002/209001/b3686k5/wesnoth-209001/src/server/player.hpp
2026-02-02 10:06:12,435 - Knowledge - WARNING - Timeout processing /app/data/T0002/209001/b3686k5/wesnoth-209001/src/display.cpp after 90s - using fallback metadata
2026-02-02 10:06:12,945 - Knowledge - INFO - process ingested knowledge for /app/data/T0002/209001/b3686k5/wesnoth-209001/doc/doxygen/stylesheet.css
2026-02-02 10:06:12,962 - Knowledge - INFO - process ingested knowledge for /app/data/T0002/209001/b3686k5/wesnoth-209001/src/widgets/slider.hpp
2026-02-02 10:06:13,064 - Knowledge - INFO - process ingested knowledge for /app/data/T0002/209001/b3686k5/wesnoth-209001/src/sound.hpp
2026-02-02 10:06:13,391 - Knowledge - INFO - Processing batch of 6 files
2026-02-02 10:06:13,391 - Knowledge - INFO - process ingested knowledge for /app/data/T0002/209001/b3686k5/wesnoth-209001/src/filesystem.hpp
2026-02-02 10:06:13,444 - Knowledge - INFO - Async storage completed for 6 embeddings
2026-02-02 10:06:14,035 - Knowledge - INFO - process ingested knowledge for /app/data/T0002/209001/b3686k5/wesnoth-209001/src/reports.cpp
2026-02-02 10:06:14,055 - Knowledge - INFO - process ingested knowledge for /app/data/T0002/209001/b3686k5/wesnoth-209001/src/widgets/scrollpane.hpp
2026-02-02 10:06:14,057 - Knowledge - INFO - process ingested knowledge for /app/data/T0002/209001/b3686k5/wesnoth-209001/src/key.hpp
2026-02-02 10:06:14,125 - Knowledge - INFO - process ingested knowledge for /app/data/T0002/209001/b3686k5/wesnoth-209001/src/multiplayer_ui.hpp
2026-02-02 10:06:14,691 - Knowledge - INFO - process ingested knowledge for /app/data/T0002/209001/b3686k5/wesnoth-209001/src/sdl_ttf/SDL_ttf.h
2026-02-02 10:06:16,044 - Knowledge - INFO - process ingested knowledge for /app/data/T0002/209001/b3686k5/wesnoth-209001/src/widgets/scrollbar.cpp
2026-02-02 10:06:16,062 - Knowledge - INFO - process ingested knowledge for /app/data/T0002/209001/b3686k5/wesnoth-209001/src/server/proxy.cpp
2026-02-02 10:06:16,140 - Knowledge - INFO - process ingested knowledge for /app/data/T0002/209001/b3686k5/wesnoth-209001/src/sdl_ttf/SDL_ttf.c
2026-02-02 10:06:16,229 - Knowledge - INFO - Processing batch of 6 files
2026-02-02 10:06:16,229 - Knowledge - INFO - process ingested knowledge for /app/data/T0002/209001/b3686k5/wesnoth-209001/src/map_label.hpp
2026-02-02 10:06:16,555 - Knowledge - INFO - [LLM_CALL] Completed: doxygen.cpp:chunk1, Duration: 7769ms, PromptTokens: 5992, CompletionTokens: 179, Cost: $0.00067
2026-02-02 10:06:16,556 - Knowledge - INFO - done ingest for /app/data/T0002/209001/b3686k5/wesnoth-209001/doc/doxygen/doxygen.cpp
2026-02-02 10:06:17,112 - Knowledge - INFO - process ingested knowledge for /app/data/T0002/209001/b3686k5/wesnoth-209001/src/widgets/widget.cpp
2026-02-02 10:06:17,122 - Knowledge - INFO - process ingested knowledge for /app/data/T0002/209001/b3686k5/wesnoth-209001/src/server/game.cpp
2026-02-02 10:06:17,375 - Knowledge - INFO - [LLM_CALL] Completed: fterrdef.h:chunk1, Duration: 7096ms, PromptTokens: 5464, CompletionTokens: 59, Cost: $0.00057
2026-02-02 10:06:17,406 - Knowledge - INFO - done ingest for /app/data/T0002/209001/b3686k5/wesnoth-209001/MacOSX/freetype-headers/freetype/fterrdef.h
2026-02-02 10:06:18,998 - Knowledge - INFO - process ingested knowledge for /app/data/T0002/209001/b3686k5/wesnoth-209001/src/replay.hpp
2026-02-02 10:06:19,054 - Knowledge - INFO - process ingested knowledge for /app/data/T0002/209001/b3686k5/wesnoth-209001/src/gettext.hpp
2026-02-02 10:06:19,140 - Knowledge - INFO - process ingested knowledge for /app/data/T0002/209001/b3686k5/wesnoth-209001/src/widgets/button.cpp
2026-02-02 10:06:20,050 - Knowledge - INFO - [LLM_CALL] Completed: cursor.cpp:chunk1, Duration: 38417ms, PromptTokens: 3786, CompletionTokens: 550, Cost: $0.00060
2026-02-02 10:06:20,056 - Knowledge - INFO - done ingest for /app/data/T0002/209001/b3686k5/wesnoth-209001/src/cursor.cpp
2026-02-02 10:06:20,324 - Knowledge - INFO - [WEBSOCKET] Sent: Type=progress_update, Size: 291, Duration: 0ms
2026-02-02 10:06:20,594 - Knowledge - INFO - [WEBSOCKET] Sent: Type=unknown, Size: ?, Duration: 271ms
2026-02-02 10:06:20,681 - Knowledge - INFO - Progress: 43.7% | Files: 207/474 | Rate: 0.65 files/sec | Queue: 210
2026-02-02 10:06:21,292 - Knowledge - INFO - process ingested knowledge for /app/data/T0002/209001/b3686k5/wesnoth-209001/src/widgets/combo.cpp
2026-02-02 10:06:21,310 - Knowledge - INFO - process ingested knowledge for /app/data/T0002/209001/b3686k5/wesnoth-209001/src/preferences.cpp
2026-02-02 10:06:21,353 - Knowledge - INFO - process ingested knowledge for /app/data/T0002/209001/b3686k5/wesnoth-209001/src/terrain.hpp
2026-02-02 10:06:22,438 - Knowledge - INFO - [kw11] Queue=210, InProgress=0, PendingWorkers=20/20, Completed=208/474 (43.9%)
2026-02-02 10:06:22,479 - Knowledge - INFO - Batch sizing: calculated=6, max_allowed=10, queue=210, active_workers=20/20
2026-02-02 10:06:25,034 - Knowledge - INFO - process ingested knowledge for /app/data/T0002/209001/b3686k5/wesnoth-209001/src/widgets/label.cpp
2026-02-02 10:06:25,146 - Knowledge - INFO - process ingested knowledge for /app/data/T0002/209001/b3686k5/wesnoth-209001/src/server/variable.cpp
2026-02-02 10:06:25,173 - Knowledge - INFO - Async storing batch of 6 embeddings
2026-02-02 10:06:25,184 - Knowledge - INFO - Worker kw11 processing /app/data/T0002/209001/b3686k5/wesnoth-209001/MacOSX/freetype-headers/freetype/cache/ftcmru.h
2026-02-02 10:06:25,458 - Knowledge - INFO - Worker kw11 processing /app/data/T0002/209001/b3686k5/wesnoth-209001/MacOSX/freetype-headers/freetype/ftcache.h
2026-02-02 10:06:25,563 - Knowledge - INFO - Worker kw11 processing /app/data/T0002/209001/b3686k5/wesnoth-209001/MacOSX/freetype-headers/freetype/ftglyph.h
2026-02-02 10:06:25,739 - Knowledge - INFO - Worker kw11 processing /app/data/T0002/209001/b3686k5/wesnoth-209001/MacOSX/freetype-headers/freetype/ttnameid.h
2026-02-02 10:06:25,794 - Knowledge - INFO - Worker kw11 processing /app/data/T0002/209001/b3686k5/wesnoth-209001/MacOSX/freetype-headers/freetype/ftlist.h
2026-02-02 10:06:25,922 - Knowledge - INFO - Worker kw11 processing /app/data/T0002/209001/b3686k5/wesnoth-209001/MacOSX/freetype-headers/freetype/ftxf86.h
2026-02-02 10:06:27,029 - Knowledge - INFO - [LLM_CALL] Completed: campaigns_client.pl:chunk1, Duration: 17072ms, PromptTokens: 3256, CompletionTokens: 340, Cost: $0.00046
2026-02-02 10:06:27,080 - Knowledge - INFO - done ingest for /app/data/T0002/209001/b3686k5/wesnoth-209001/utils/campaigns_client.pl
2026-02-02 10:06:27,475 - Knowledge - INFO - process ingested knowledge for /app/data/T0002/209001/b3686k5/wesnoth-209001/src/wesconfig.h
2026-02-02 10:06:28,927 - Knowledge - INFO - process ingested knowledge for /app/data/T0002/209001/b3686k5/wesnoth-209001/src/editor/scenario_editor.hpp
2026-02-02 10:06:29,548 - Knowledge - INFO - Async storage completed for 6 embeddings
2026-02-02 10:06:30,853 - Knowledge - INFO - process ingested knowledge for /app/data/T0002/209001/b3686k5/wesnoth-209001/src/game.cpp
2026-02-02 10:06:31,938 - Knowledge - INFO - [LLM_CALL] Completed: editor_main.cpp:chunk1, Duration: 70177ms, PromptTokens: 5798, CompletionTokens: 732, Cost: $0.00087
2026-02-02 10:06:31,939 - Knowledge - INFO - done ingest for /app/data/T0002/209001/b3686k5/wesnoth-209001/src/editor/editor_main.cpp
2026-02-02 10:06:33,088 - Knowledge - INFO - [LLM_CALL] Completed: ftrender.h:chunk1, Duration: 23250ms, PromptTokens: 4146, CompletionTokens: 438, Cost: $0.00059
2026-02-02 10:06:33,191 - Knowledge - INFO - done ingest for /app/data/T0002/209001/b3686k5/wesnoth-209001/MacOSX/freetype-headers/freetype/ftrender.h
2026-02-02 10:06:35,722 - Knowledge - INFO - process ingested knowledge for /app/data/T0002/209001/b3686k5/wesnoth-209001/src/events.hpp
2026-02-02 10:06:36,957 - Knowledge - INFO - [LLM_CALL] Completed: ftpfr.h:chunk1, Duration: 26499ms, PromptTokens: 3356, CompletionTokens: 365, Cost: $0.00048
2026-02-02 10:06:36,962 - Knowledge - INFO - done ingest for /app/data/T0002/209001/b3686k5/wesnoth-209001/MacOSX/freetype-headers/freetype/ftpfr.h
2026-02-02 10:06:39,303 - Knowledge - INFO - Processing batch of 6 files
2026-02-02 10:06:39,382 - Knowledge - INFO - process ingested knowledge for /app/data/T0002/209001/b3686k5/wesnoth-209001/src/scoped_resource.hpp
2026-02-02 10:06:40,281 - Knowledge - INFO - [LLM_CALL] Completed: random_map.pl:chunk1, Duration: 31007ms, PromptTokens: 11144, CompletionTokens: 821, Cost: $0.00144
2026-02-02 10:06:40,297 - Knowledge - INFO - done ingest for /app/data/T0002/209001/b3686k5/wesnoth-209001/utils/random_map.pl
2026-02-02 10:06:41,750 - Knowledge - INFO - [kw4] Queue=204, InProgress=0, PendingWorkers=20/20, Completed=210/474 (44.3%)
2026-02-02 10:06:41,762 - Knowledge - INFO - Batch sizing: calculated=6, max_allowed=10, queue=204, active_workers=20/20
2026-02-02 10:06:41,849 - Knowledge - INFO - process ingested knowledge for /app/data/T0002/209001/b3686k5/wesnoth-209001/src/ai.cpp
2026-02-02 10:06:41,898 - Knowledge - INFO - process ingested knowledge for /app/data/T0002/209001/b3686k5/wesnoth-209001/src/network.cpp
2026-02-02 10:06:42,008 - Knowledge - INFO - [LLM_CALL] Completed: game_events.cpp:chunk1, Duration: 57480ms, PromptTokens: 28314, CompletionTokens: 943, Cost: $0.00321
2026-02-02 10:06:42,009 - Knowledge - INFO - done ingest for /app/data/T0002/209001/b3686k5/wesnoth-209001/src/game_events.cpp
2026-02-02 10:06:42,784 - Knowledge - INFO - [LLM_CALL] Completed: editor_undo.hpp:chunk1, Duration: 80218ms, PromptTokens: 2560, CompletionTokens: 962, Cost: $0.00064
2026-02-02 10:06:42,784 - Knowledge - INFO - done ingest for /app/data/T0002/209001/b3686k5/wesnoth-209001/src/editor/editor_undo.hpp
2026-02-02 10:06:42,982 - Knowledge - INFO - [LLM_CALL] Completed: wml.pm:chunk1, Duration: 33206ms, PromptTokens: 5608, CompletionTokens: 717, Cost: $0.00085
2026-02-02 10:06:43,055 - Knowledge - INFO - done ingest for /app/data/T0002/209001/b3686k5/wesnoth-209001/utils/wml.pm
2026-02-02 10:06:43,196 - Knowledge - INFO - [kw18] Queue=204, InProgress=0, PendingWorkers=20/20, Completed=210/474 (44.3%)
2026-02-02 10:06:43,268 - Knowledge - INFO - Batch sizing: calculated=6, max_allowed=10, queue=204, active_workers=20/20
2026-02-02 10:06:43,644 - Knowledge - INFO - Async storing batch of 6 embeddings
2026-02-02 10:06:43,644 - Knowledge - INFO - Worker kw4 processing /app/data/T0002/209001/b3686k5/wesnoth-209001/MacOSX/freetype-headers/freetype/ftbdf.h
2026-02-02 10:06:43,828 - Knowledge - INFO - Worker kw4 processing /app/data/T0002/209001/b3686k5/wesnoth-209001/MacOSX/freetype-headers/freetype/ftoutln.h
2026-02-02 10:06:43,905 - Knowledge - INFO - Worker kw4 processing /app/data/T0002/209001/b3686k5/wesnoth-209001/MacOSX/freetype-headers/freetype/ftgzip.h
2026-02-02 10:06:43,935 - Knowledge - INFO - Worker kw4 processing /app/data/T0002/209001/b3686k5/wesnoth-209001/MacOSX/freetype-headers/freetype/ftchapters.h
2026-02-02 10:06:43,941 - Knowledge - INFO - Worker kw4 processing /app/data/T0002/209001/b3686k5/wesnoth-209001/MacOSX/freetype-headers/freetype/freetype.h
2026-02-02 10:06:44,001 - Knowledge - INFO - Fast-tracked /app/data/T0002/209001/b3686k5/wesnoth-209001/MacOSX/freetype-headers/freetype/freetype.h (ext=.h, size=201002)
2026-02-02 10:06:44,001 - Knowledge - INFO - Worker kw4 processing /app/data/T0002/209001/b3686k5/wesnoth-209001/MacOSX/freetype-headers/freetype/ftmm.h
2026-02-02 10:06:45,173 - Knowledge - INFO - process ingested knowledge for /app/data/T0002/209001/b3686k5/wesnoth-209001/src/unit_display.hpp
2026-02-02 10:06:45,226 - Knowledge - INFO - Async storing batch of 6 embeddings
2026-02-02 10:06:45,240 - Knowledge - INFO - Worker kw18 processing /app/data/T0002/209001/b3686k5/wesnoth-209001/MacOSX/freetype-headers/freetype/ftmodapi.h
2026-02-02 10:06:45,395 - Knowledge - INFO - Worker kw18 processing /app/data/T0002/209001/b3686k5/wesnoth-209001/MacOSX/freetype-headers/freetype/t1tables.h
2026-02-02 10:06:45,443 - Knowledge - INFO - Worker kw18 processing /app/data/T0002/209001/b3686k5/wesnoth-209001/MacOSX/freetype-headers/freetype/config/ftstdlib.h
2026-02-02 10:06:45,576 - Knowledge - INFO - Worker kw18 processing /app/data/T0002/209001/b3686k5/wesnoth-209001/MacOSX/freetype-headers/freetype/config/ftconfig.h
2026-02-02 10:06:45,802 - Knowledge - INFO - Worker kw18 processing /app/data/T0002/209001/b3686k5/wesnoth-209001/MacOSX/freetype-headers/freetype/config/ftmodule.h
2026-02-02 10:06:45,845 - Knowledge - INFO - Async storage completed for 6 embeddings
2026-02-02 10:06:45,886 - Knowledge - INFO - Fast-tracked /app/data/T0002/209001/b3686k5/wesnoth-209001/MacOSX/freetype-headers/freetype/config/ftmodule.h (ext=.h, size=639)
2026-02-02 10:06:46,234 - Knowledge - INFO - Worker kw18 processing /app/data/T0002/209001/b3686k5/wesnoth-209001/MacOSX/freetype-headers/freetype/config/ftoption.h
2026-02-02 10:06:47,485 - Knowledge - INFO - [LLM_CALL] Completed: ftcimage.h:chunk1, Duration: 35150ms, PromptTokens: 2278, CompletionTokens: 398, Cost: $0.00039
2026-02-02 10:06:47,531 - Knowledge - INFO - done ingest for /app/data/T0002/209001/b3686k5/wesnoth-209001/MacOSX/freetype-headers/freetype/cache/ftcimage.h
2026-02-02 10:06:47,955 - Knowledge - INFO - Async storage completed for 6 embeddings
2026-02-02 10:06:48,156 - Knowledge - INFO - process ingested knowledge for /app/data/T0002/209001/b3686k5/wesnoth-209001/src/config.cpp
2026-02-02 10:06:48,751 - Knowledge - INFO - [kw9] Queue=192, InProgress=0, PendingWorkers=20/20, Completed=214/474 (45.1%)
2026-02-02 10:06:48,775 - Knowledge - INFO - Batch sizing: calculated=5, max_allowed=10, queue=192, active_workers=20/20
2026-02-02 10:06:50,064 - Knowledge - INFO - [LLM_CALL] Completed: ftccmap.h:chunk1, Duration: 37980ms, PromptTokens: 4090, CompletionTokens: 314, Cost: $0.00053
2026-02-02 10:06:50,147 - Knowledge - INFO - done ingest for /app/data/T0002/209001/b3686k5/wesnoth-209001/MacOSX/freetype-headers/freetype/cache/ftccmap.h
2026-02-02 10:06:50,961 - Knowledge - INFO - [LLM_CALL] Completed: multiplayer_connect.hpp:chunk1, Duration: 122023ms, PromptTokens: 3632, CompletionTokens: 959, Cost: $0.00075
2026-02-02 10:06:51,039 - Knowledge - INFO - done ingest for /app/data/T0002/209001/b3686k5/wesnoth-209001/src/multiplayer_connect.hpp
2026-02-02 10:06:52,241 - Knowledge - INFO - [WEBSOCKET] Sent: Type=progress_update, Size: 289, Duration: 0ms
2026-02-02 10:06:52,242 - Knowledge - INFO - Async storing batch of 6 embeddings
2026-02-02 10:06:52,296 - Knowledge - INFO - [WEBSOCKET] Sent: Type=unknown, Size: ?, Duration: 55ms
2026-02-02 10:06:52,296 - Knowledge - INFO - Progress: 46.2% | Files: 219/474 | Rate: 0.62 files/sec | Queue: 187
2026-02-02 10:06:52,378 - Knowledge - INFO - Worker kw9 processing /app/data/T0002/209001/b3686k5/wesnoth-209001/MacOSX/freetype-headers/freetype/config/ftheader.h
2026-02-02 10:06:52,459 - Knowledge - INFO - Worker kw9 processing /app/data/T0002/209001/b3686k5/wesnoth-209001/MacOSX/freetype-headers/freetype/ttunpat.h
2026-02-02 10:06:52,766 - Knowledge - INFO - Worker kw9 processing /app/data/T0002/209001/b3686k5/wesnoth-209001/MacOSX/freetype-headers/freetype/ftwinfnt.h
2026-02-02 10:06:52,943 - Knowledge - INFO - Worker kw9 processing /app/data/T0002/209001/b3686k5/wesnoth-209001/MacOSX/freetype-headers/freetype/ftsynth.h
2026-02-02 10:06:53,050 - Knowledge - INFO - Worker kw9 processing /app/data/T0002/209001/b3686k5/wesnoth-209001/MacOSX/freetype-headers/freetype/ftincrem.h
2026-02-02 10:06:53,247 - Knowledge - INFO - Processing batch of 6 files
2026-02-02 10:06:53,248 - Knowledge - INFO - process ingested knowledge for /app/data/T0002/209001/b3686k5/wesnoth-209001/doc/doxygen/doxygen.cpp
2026-02-02 10:06:53,892 - Knowledge - INFO - Fast-tracked /app/data/T0002/209001/b3686k5/wesnoth-209001/MacOSX/freetype-headers/freetype/ttunpat.h (small file (2228 bytes))
2026-02-02 10:06:54,129 - Knowledge - INFO - Fast-tracked /app/data/T0002/209001/b3686k5/wesnoth-209001/MacOSX/freetype-headers/freetype/ftwinfnt.h (small file (0 bytes))
2026-02-02 10:06:54,431 - Knowledge - INFO - process ingested knowledge for /app/data/T0002/209001/b3686k5/wesnoth-209001/src/actions.hpp
2026-02-02 10:06:55,099 - Knowledge - INFO - Async storage completed for 6 embeddings
2026-02-02 10:06:55,333 - Knowledge - INFO - [LLM_CALL] Completed: ftbdf.h:chunk1, Duration: 11056ms, PromptTokens: 3332, CompletionTokens: 314, Cost: $0.00046
2026-02-02 10:06:55,376 - Knowledge - INFO - done ingest for /app/data/T0002/209001/b3686k5/wesnoth-209001/MacOSX/freetype-headers/freetype/ftbdf.h
2026-02-02 10:06:56,245 - Knowledge - INFO - [kw1] Queue=187, InProgress=0, PendingWorkers=20/20, Completed=221/474 (46.6%)
2026-02-02 10:06:56,265 - Knowledge - INFO - Batch sizing: calculated=5, max_allowed=10, queue=187, active_workers=20/20
2026-02-02 10:06:58,255 - Knowledge - INFO - process ingested knowledge for /app/data/T0002/209001/b3686k5/wesnoth-209001/src/display.cpp
2026-02-02 10:06:59,283 - Knowledge - INFO - process ingested knowledge for /app/data/T0002/209001/b3686k5/wesnoth-209001/tools/castle-cutter/mk-castle.sh
2026-02-02 10:06:59,389 - Knowledge - INFO - Async storing batch of 6 embeddings
2026-02-02 10:06:59,428 - Knowledge - INFO - [kw16] Queue=182, InProgress=0, PendingWorkers=20/20, Completed=223/474 (47.0%)
2026-02-02 10:06:59,434 - Knowledge - INFO - Batch sizing: calculated=5, max_allowed=10, queue=182, active_workers=20/20
2026-02-02 10:06:59,813 - Knowledge - INFO - Worker kw1 processing /app/data/T0002/209001/b3686k5/wesnoth-209001/MacOSX/freetype-headers/freetype/ftsysmem.h
2026-02-02 10:06:59,874 - Knowledge - INFO - [LLM_CALL] Completed: tooltips.cpp:chunk1, Duration: 75411ms, PromptTokens: 2942, CompletionTokens: 421, Cost: $0.00046
2026-02-02 10:06:59,881 - Knowledge - INFO - Worker kw1 processing /app/data/T0002/209001/b3686k5/wesnoth-209001/MacOSX/freetype-headers/freetype/ftsizes.h
2026-02-02 10:07:00,028 - Knowledge - INFO - done ingest for /app/data/T0002/209001/b3686k5/wesnoth-209001/src/tooltips.cpp
2026-02-02 10:07:00,164 - Knowledge - INFO - Worker kw1 processing /app/data/T0002/209001/b3686k5/wesnoth-209001/MacOSX/freetype-headers/freetype/ftmac.h
2026-02-02 10:07:00,341 - Knowledge - INFO - process ingested knowledge for /app/data/T0002/209001/b3686k5/wesnoth-209001/src/variable.cpp
2026-02-02 10:07:00,352 - Knowledge - INFO - [kw20] Queue=182, InProgress=0, PendingWorkers=20/20, Completed=223/474 (47.0%)
2026-02-02 10:07:00,377 - Knowledge - INFO - Worker kw1 processing /app/data/T0002/209001/b3686k5/wesnoth-209001/MacOSX/freetype-headers/freetype/tttables.h
2026-02-02 10:07:00,422 - Knowledge - INFO - Batch sizing: calculated=5, max_allowed=10, queue=182, active_workers=20/20
2026-02-02 10:07:01,288 - Knowledge - INFO - Worker kw1 processing /app/data/T0002/209001/b3686k5/wesnoth-209001/MacOSX/freetype-headers/freetype/ftmoderr.h
2026-02-02 10:07:01,454 - Knowledge - INFO - Async storing batch of 6 embeddings
2026-02-02 10:07:01,460 - Knowledge - INFO - Worker kw16 processing /app/data/T0002/209001/b3686k5/wesnoth-209001/MacOSX/freetype-headers/freetype/ftsystem.h
2026-02-02 10:07:01,485 - Knowledge - INFO - Worker kw16 processing /app/data/T0002/209001/b3686k5/wesnoth-209001/MacOSX/freetype-headers/freetype/fttypes.h
2026-02-02 10:07:01,577 - Knowledge - INFO - Worker kw16 processing /app/data/T0002/209001/b3686k5/wesnoth-209001/MacOSX/freetype-headers/freetype/ftlzw.h
2026-02-02 10:07:01,598 - Knowledge - INFO - Worker kw16 processing /app/data/T0002/209001/b3686k5/wesnoth-209001/MacOSX/freetype-headers/freetype/fterrors.h
2026-02-02 10:07:01,647 - Knowledge - INFO - Worker kw16 processing /app/data/T0002/209001/b3686k5/wesnoth-209001/MacOSX/freetype-headers/freetype/internal/ftserv.h
2026-02-02 10:07:02,085 - Knowledge - INFO - [LLM_CALL] Completed: editor_palettes.hpp:chunk1, Duration: 101992ms, PromptTokens: 2672, CompletionTokens: 973, Cost: $0.00066
2026-02-02 10:07:02,161 - Knowledge - INFO - done ingest for /app/data/T0002/209001/b3686k5/wesnoth-209001/src/editor/editor_palettes.hpp
2026-02-02 10:07:02,741 - Knowledge - INFO - [LLM_CALL] Completed: ftcglyph.h:chunk1, Duration: 50096ms, PromptTokens: 5628, CompletionTokens: 842, Cost: $0.00090
2026-02-02 10:07:03,164 - Knowledge - INFO - done ingest for /app/data/T0002/209001/b3686k5/wesnoth-209001/MacOSX/freetype-headers/freetype/cache/ftcglyph.h
2026-02-02 10:07:03,704 - Knowledge - INFO - process ingested knowledge for /app/data/T0002/209001/b3686k5/wesnoth-209001/tools/castle-cutter/mk-all-castles.sh
2026-02-02 10:07:04,225 - Knowledge - INFO - [LLM_CALL] Completed: ftchapters.h:chunk1, Duration: 18941ms, PromptTokens: 1444, CompletionTokens: 59, Cost: $0.00017
2026-02-02 10:07:04,231 - Knowledge - INFO - done ingest for /app/data/T0002/209001/b3686k5/wesnoth-209001/MacOSX/freetype-headers/freetype/ftchapters.h
2026-02-02 10:07:04,435 - Knowledge - INFO - [LLM_CALL] Completed: ftcmru.h:chunk1, Duration: 37788ms, PromptTokens: 4448, CompletionTokens: 700, Cost: $0.00072
2026-02-02 10:07:04,460 - Knowledge - INFO - done ingest for /app/data/T0002/209001/b3686k5/wesnoth-209001/MacOSX/freetype-headers/freetype/cache/ftcmru.h
2026-02-02 10:07:05,088 - Knowledge - INFO - [LLM_CALL] Completed: map.cpp:chunk1, Duration: 81383ms, PromptTokens: 8644, CompletionTokens: 1542, Cost: $0.00148
2026-02-02 10:07:05,136 - Knowledge - INFO - done ingest for /app/data/T0002/209001/b3686k5/wesnoth-209001/src/map.cpp
2026-02-02 10:07:06,362 - Knowledge - INFO - Async storage completed for 6 embeddings
2026-02-02 10:07:06,363 - Knowledge - INFO - Async storing batch of 6 embeddings
2026-02-02 10:07:06,561 - Knowledge - INFO - Worker kw20 processing /app/data/T0002/209001/b3686k5/wesnoth-209001/MacOSX/freetype-headers/freetype/internal/t1types.h
2026-02-02 10:07:06,839 - Knowledge - INFO - Worker kw20 processing /app/data/T0002/209001/b3686k5/wesnoth-209001/MacOSX/freetype-headers/freetype/internal/pcftypes.h
2026-02-02 10:07:06,860 - Knowledge - INFO - Fast-tracked /app/data/T0002/209001/b3686k5/wesnoth-209001/MacOSX/freetype-headers/freetype/internal/pcftypes.h (ext=.h, size=1562)
2026-02-02 10:07:06,866 - Knowledge - INFO - Worker kw20 processing /app/data/T0002/209001/b3686k5/wesnoth-209001/MacOSX/freetype-headers/freetype/internal/services/svpostnm.h
2026-02-02 10:07:06,999 - Knowledge - INFO - Processing batch of 6 files
2026-02-02 10:07:07,127 - Knowledge - INFO - Fast-tracked /app/data/T0002/209001/b3686k5/wesnoth-209001/MacOSX/freetype-headers/freetype/internal/services/svpostnm.h (ext=.h, size=1973)
2026-02-02 10:07:07,127 - Knowledge - INFO - process ingested knowledge for /app/data/T0002/209001/b3686k5/wesnoth-209001/MacOSX/SDLMacOSXMain.h
2026-02-02 10:07:07,173 - Knowledge - INFO - Async storage completed for 6 embeddings
2026-02-02 10:07:07,238 - Knowledge - INFO - Worker kw20 processing /app/data/T0002/209001/b3686k5/wesnoth-209001/MacOSX/freetype-headers/freetype/internal/services/svttcmap.h
2026-02-02 10:07:07,465 - Knowledge - INFO - [LLM_CALL] Completed: ftmodapi.h:chunk1, Duration: 20931ms, PromptTokens: 5640, CompletionTokens: 514, Cost: $0.00077
2026-02-02 10:07:07,655 - Knowledge - INFO - Worker kw20 processing /app/data/T0002/209001/b3686k5/wesnoth-209001/MacOSX/freetype-headers/freetype/internal/services/svsfnt.h
2026-02-02 10:07:07,694 - Knowledge - INFO - done ingest for /app/data/T0002/209001/b3686k5/wesnoth-209001/MacOSX/freetype-headers/freetype/ftmodapi.h
2026-02-02 10:07:07,708 - Knowledge - INFO - process ingested knowledge for /app/data/T0002/209001/b3686k5/wesnoth-209001/tools/mk-edges.pl
2026-02-02 10:07:09,695 - Knowledge - INFO - Fast-tracked /app/data/T0002/209001/b3686k5/wesnoth-209001/MacOSX/freetype-headers/freetype/internal/services/svsfnt.h (small file (2130 bytes))
2026-02-02 10:07:09,828 - Knowledge - INFO - Async storage completed for 6 embeddings
2026-02-02 10:07:10,091 - Knowledge - INFO - process ingested knowledge for /app/data/T0002/209001/b3686k5/wesnoth-209001/MacOSX/extra_mac_headers.h
2026-02-02 10:07:10,129 - Knowledge - INFO - Processing batch of 6 files
2026-02-02 10:07:10,151 - Knowledge - INFO - process ingested knowledge for /app/data/T0002/209001/b3686k5/wesnoth-209001/utils/random_map.pl
2026-02-02 10:07:10,325 - Knowledge - INFO - process ingested knowledge for /app/data/T0002/209001/b3686k5/wesnoth-209001/utils/wmltrans.pm
2026-02-02 10:07:11,022 - Knowledge - INFO - [kw13] Queue=172, InProgress=0, PendingWorkers=20/20, Completed=228/474 (48.1%)
2026-02-02 10:07:11,039 - Knowledge - INFO - [kw10] Queue=172, InProgress=0, PendingWorkers=20/20, Completed=228/474 (48.1%)
2026-02-02 10:07:11,062 - Knowledge - WARNING - Timeout processing /app/data/T0002/209001/b3686k5/wesnoth-209001/src/widgets/textbox.cpp after 90s - using fallback metadata
2026-02-02 10:07:11,063 - Knowledge - INFO - process ingested knowledge for /app/data/T0002/209001/b3686k5/wesnoth-209001/utils/wml.pm
2026-02-02 10:07:11,089 - Knowledge - INFO - Batch sizing: calculated=5, max_allowed=10, queue=172, active_workers=20/20
2026-02-02 10:07:11,127 - Knowledge - INFO - process ingested knowledge for /app/data/T0002/209001/b3686k5/wesnoth-209001/MacOSX/freetype-headers/freetype/ftrender.h
2026-02-02 10:07:11,151 - Knowledge - INFO - process ingested knowledge for /app/data/T0002/209001/b3686k5/wesnoth-209001/utils/wml_net.pm
2026-02-02 10:07:11,175 - Knowledge - INFO - [kw5] Queue=172, InProgress=0, PendingWorkers=20/20, Completed=228/474 (48.1%)
2026-02-02 10:07:11,187 - Knowledge - INFO - Batch sizing: calculated=5, max_allowed=10, queue=172, active_workers=20/20
2026-02-02 10:07:11,440 - Knowledge - WARNING - Timeout processing /app/data/T0002/209001/b3686k5/wesnoth-209001/src/server/game.hpp after 90s - using fallback metadata
2026-02-02 10:07:11,641 - Knowledge - INFO - Batch sizing: calculated=5, max_allowed=10, queue=172, active_workers=20/20
2026-02-02 10:07:12,174 - Knowledge - INFO - process ingested knowledge for /app/data/T0002/209001/b3686k5/wesnoth-209001/utils/campaigns_client.pl
2026-02-02 10:07:12,251 - Knowledge - INFO - Async storing batch of 6 embeddings
2026-02-02 10:07:12,522 - Knowledge - INFO - Worker kw13 processing /app/data/T0002/209001/b3686k5/wesnoth-209001/MacOSX/freetype-headers/freetype/internal/services/svgldict.h
2026-02-02 10:07:12,629 - Knowledge - INFO - Worker kw13 processing /app/data/T0002/209001/b3686k5/wesnoth-209001/MacOSX/freetype-headers/freetype/internal/services/svxf86nm.h
2026-02-02 10:07:12,731 - Knowledge - INFO - Worker kw13 processing /app/data/T0002/209001/b3686k5/wesnoth-209001/MacOSX/freetype-headers/freetype/internal/services/svpsinfo.h
2026-02-02 10:07:12,792 - Knowledge - INFO - Fast-tracked /app/data/T0002/209001/b3686k5/wesnoth-209001/MacOSX/freetype-headers/freetype/internal/services/svpsinfo.h (ext=.h, size=1826)
2026-02-02 10:07:12,838 - Knowledge - INFO - Worker kw13 processing /app/data/T0002/209001/b3686k5/wesnoth-209001/MacOSX/freetype-headers/freetype/internal/services/svmm.h
2026-02-02 10:07:12,896 - Knowledge - INFO - Worker kw13 processing /app/data/T0002/209001/b3686k5/wesnoth-209001/MacOSX/freetype-headers/freetype/internal/services/svwinfnt.h
2026-02-02 10:07:13,036 - Knowledge - INFO - Fast-tracked /app/data/T0002/209001/b3686k5/wesnoth-209001/MacOSX/freetype-headers/freetype/internal/services/svwinfnt.h (ext=.h, size=1702)
2026-02-02 10:07:13,092 - Knowledge - INFO - [LLM_CALL] Completed: gamestatus.cpp:chunk1, Duration: 89322ms, PromptTokens: 11280, CompletionTokens: 1327, Cost: $0.00166
2026-02-02 10:07:13,244 - Knowledge - INFO - done ingest for /app/data/T0002/209001/b3686k5/wesnoth-209001/src/gamestatus.cpp
2026-02-02 10:07:13,346 - Knowledge - INFO - process ingested knowledge for /app/data/T0002/209001/b3686k5/wesnoth-209001/MacOSX/freetype-headers/freetype/ftstroke.h
2026-02-02 10:07:13,388 - Knowledge - INFO - process ingested knowledge for /app/data/T0002/209001/b3686k5/wesnoth-209001/graphincludes/project/wesnoth.pm
2026-02-02 10:07:13,440 - Knowledge - INFO - Fast-tracked /app/data/T0002/209001/b3686k5/wesnoth-209001/MacOSX/freetype-headers/freetype/internal/services/svgldict.h (small file (2090 bytes))
2026-02-02 10:07:13,682 - Knowledge - INFO - Fast-tracked /app/data/T0002/209001/b3686k5/wesnoth-209001/MacOSX/freetype-headers/freetype/internal/services/svxf86nm.h (small file (2048 bytes))
2026-02-02 10:07:13,780 - Knowledge - INFO - Fast-tracked /app/data/T0002/209001/b3686k5/wesnoth-209001/MacOSX/freetype-headers/freetype/internal/services/svmm.h (small file (2579 bytes))
2026-02-02 10:07:13,781 - Knowledge - INFO - Async storage completed for 6 embeddings
2026-02-02 10:07:14,225 - Knowledge - INFO - process ingested knowledge for /app/data/T0002/209001/b3686k5/wesnoth-209001/MacOSX/freetype-headers/freetype/fterrdef.h
2026-02-02 10:07:14,236 - Knowledge - INFO - Async storing batch of 6 embeddings
2026-02-02 10:07:14,237 - Knowledge - INFO - Worker kw5 processing /app/data/T0002/209001/b3686k5/wesnoth-209001/MacOSX/freetype-headers/freetype/internal/ftstream.h
2026-02-02 10:07:14,276 - Knowledge - INFO - Async storing batch of 6 embeddings
2026-02-02 10:07:14,284 - Knowledge - INFO - Worker kw5 processing /app/data/T0002/209001/b3686k5/wesnoth-209001/MacOSX/freetype-headers/freetype/internal/autohint.h
2026-02-02 10:07:14,380 - Knowledge - INFO - Worker kw10 processing /app/data/T0002/209001/b3686k5/wesnoth-209001/MacOSX/freetype-headers/freetype/internal/services/svpscmap.h
2026-02-02 10:07:14,428 - Knowledge - INFO - Worker kw10 processing /app/data/T0002/209001/b3686k5/wesnoth-209001/MacOSX/freetype-headers/freetype/internal/services/svbdf.h
2026-02-02 10:07:14,439 - Knowledge - INFO - Fast-tracked /app/data/T0002/209001/b3686k5/wesnoth-209001/MacOSX/freetype-headers/freetype/internal/services/svbdf.h (ext=.h, size=1972)
2026-02-02 10:07:14,468 - Knowledge - INFO - Worker kw10 processing /app/data/T0002/209001/b3686k5/wesnoth-209001/MacOSX/freetype-headers/freetype/internal/services/svpfr.h
2026-02-02 10:07:14,475 - Knowledge - INFO - Worker kw5 processing /app/data/T0002/209001/b3686k5/wesnoth-209001/MacOSX/freetype-headers/freetype/internal/ftobjs.h
2026-02-02 10:07:14,544 - Knowledge - INFO - Worker kw10 processing /app/data/T0002/209001/b3686k5/wesnoth-209001/MacOSX/freetype-headers/freetype/internal/ftrfork.h
2026-02-02 10:07:14,585 - Knowledge - INFO - Worker kw5 processing /app/data/T0002/209001/b3686k5/wesnoth-209001/MacOSX/freetype-headers/freetype/internal/sfnt.h
2026-02-02 10:07:14,715 - Knowledge - INFO - Worker kw10 processing /app/data/T0002/209001/b3686k5/wesnoth-209001/MacOSX/freetype-headers/freetype/internal/ftdriver.h
2026-02-02 10:07:14,825 - Knowledge - INFO - Worker kw5 processing /app/data/T0002/209001/b3686k5/wesnoth-209001/MacOSX/freetype-headers/freetype/internal/ftmemory.h
2026-02-02 10:07:15,985 - Knowledge - INFO - process ingested knowledge for /app/data/T0002/209001/b3686k5/wesnoth-209001/MacOSX/freetype-headers/freetype/ftpfr.h
2026-02-02 10:07:16,040 - Knowledge - INFO - process ingested knowledge for /app/data/T0002/209001/b3686k5/wesnoth-209001/MacOSX/config.h
2026-02-02 10:07:16,189 - Knowledge - INFO - Fast-tracked /app/data/T0002/209001/b3686k5/wesnoth-209001/MacOSX/freetype-headers/freetype/internal/services/svpfr.h (small file (2252 bytes))
2026-02-02 10:07:17,473 - Knowledge - INFO - process ingested knowledge for /app/data/T0002/209001/b3686k5/wesnoth-209001/MacOSX/SDLMacOSXMain.m
2026-02-02 10:07:18,672 - Knowledge - INFO - Async storage completed for 6 embeddings
2026-02-02 10:07:19,146 - Knowledge - INFO - Async storage completed for 6 embeddings
2026-02-02 10:07:20,061 - Knowledge - INFO - [LLM_CALL] Completed: ftsysmem.h:chunk1, Duration: 18414ms, PromptTokens: 3554, CompletionTokens: 274, Cost: $0.00046
2026-02-02 10:07:20,088 - Knowledge - INFO - done ingest for /app/data/T0002/209001/b3686k5/wesnoth-209001/MacOSX/freetype-headers/freetype/ftsysmem.h
2026-02-02 10:07:20,966 - Knowledge - INFO - [LLM_CALL] Completed: ftcache.h:chunk1, Duration: 53774ms, PromptTokens: 14034, CompletionTokens: 824, Cost: $0.00173
2026-02-02 10:07:20,966 - Knowledge - INFO - done ingest for /app/data/T0002/209001/b3686k5/wesnoth-209001/MacOSX/freetype-headers/freetype/ftcache.h
2026-02-02 10:07:24,173 - Knowledge - INFO - [LLM_CALL] Completed: ftgzip.h:chunk1, Duration: 39049ms, PromptTokens: 2228, CompletionTokens: 222, Cost: $0.00031
2026-02-02 10:07:24,193 - Knowledge - INFO - done ingest for /app/data/T0002/209001/b3686k5/wesnoth-209001/MacOSX/freetype-headers/freetype/ftgzip.h
2026-02-02 10:07:27,575 - Knowledge - INFO - [WEBSOCKET] Sent: Type=progress_update, Size: 292, Duration: 0ms
2026-02-02 10:07:27,737 - Knowledge - INFO - [LLM_CALL] Completed: ftccache.h:chunk1, Duration: 74448ms, PromptTokens: 4952, CompletionTokens: 472, Cost: $0.00068
2026-02-02 10:07:27,738 - Knowledge - INFO - done ingest for /app/data/T0002/209001/b3686k5/wesnoth-209001/MacOSX/freetype-headers/freetype/cache/ftccache.h
2026-02-02 10:07:27,863 - Knowledge - INFO - [WEBSOCKET] Sent: Type=unknown, Size: ?, Duration: 288ms
2026-02-02 10:07:27,965 - Knowledge - INFO - Progress: 49.8% | Files: 237/474 | Rate: 0.61 files/sec | Queue: 157
2026-02-02 10:07:31,822 - Knowledge - INFO - [kw14] Queue=157, InProgress=0, PendingWorkers=20/20, Completed=237/474 (50.0%)
2026-02-02 10:07:31,848 - Knowledge - INFO - Batch sizing: calculated=5, max_allowed=10, queue=157, active_workers=20/20
2026-02-02 10:07:31,866 - Knowledge - INFO - [LLM_CALL] Completed: playlevel.cpp:chunk1, Duration: 110699ms, PromptTokens: 16614, CompletionTokens: 1350, Cost: $0.00220
2026-02-02 10:07:31,967 - Knowledge - INFO - done ingest for /app/data/T0002/209001/b3686k5/wesnoth-209001/src/playlevel.cpp
2026-02-02 10:07:32,059 - Knowledge - INFO - [LLM_CALL] Completed: t1types.h:chunk1, Duration: 23511ms, PromptTokens: 3292, CompletionTokens: 323, Cost: $0.00046
2026-02-02 10:07:32,099 - Knowledge - INFO - done ingest for /app/data/T0002/209001/b3686k5/wesnoth-209001/MacOSX/freetype-headers/freetype/internal/t1types.h
2026-02-02 10:07:32,324 - Knowledge - INFO - Processing batch of 6 files
2026-02-02 10:07:32,379 - Knowledge - INFO - process ingested knowledge for /app/data/T0002/209001/b3686k5/wesnoth-209001/src/widgets/file_chooser.cpp
2026-02-02 10:07:34,132 - Knowledge - INFO - [LLM_CALL] Completed: ftheader.h:chunk1, Duration: 40856ms, PromptTokens: 9838, CompletionTokens: 669, Cost: $0.00125
2026-02-02 10:07:34,153 - Knowledge - INFO - done ingest for /app/data/T0002/209001/b3686k5/wesnoth-209001/MacOSX/freetype-headers/freetype/config/ftheader.h
2026-02-02 10:07:34,203 - Knowledge - INFO - Async storing batch of 6 embeddings
2026-02-02 10:07:34,222 - Knowledge - INFO - Worker kw14 processing /app/data/T0002/209001/b3686k5/wesnoth-209001/MacOSX/freetype-headers/freetype/internal/ftgloadr.h
2026-02-02 10:07:34,342 - Knowledge - INFO - Worker kw14 processing /app/data/T0002/209001/b3686k5/wesnoth-209001/MacOSX/freetype-headers/freetype/internal/internal.h
2026-02-02 10:07:34,399 - Knowledge - INFO - Worker kw14 processing /app/data/T0002/209001/b3686k5/wesnoth-209001/MacOSX/freetype-headers/freetype/internal/ftcalc.h
2026-02-02 10:07:34,548 - Knowledge - INFO - Worker kw14 processing /app/data/T0002/209001/b3686k5/wesnoth-209001/MacOSX/freetype-headers/freetype/internal/tttypes.h
2026-02-02 10:07:34,706 - Knowledge - INFO - Worker kw14 processing /app/data/T0002/209001/b3686k5/wesnoth-209001/MacOSX/freetype-headers/freetype/internal/psaux.h
2026-02-02 10:07:34,727 - Knowledge - INFO - [LLM_CALL] Completed: svttcmap.h:chunk1, Duration: 25873ms, PromptTokens: 1810, CompletionTokens: 251, Cost: $0.00028
2026-02-02 10:07:34,727 - Knowledge - INFO - done ingest for /app/data/T0002/209001/b3686k5/wesnoth-209001/MacOSX/freetype-headers/freetype/internal/services/svttcmap.h
2026-02-02 10:07:35,137 - Knowledge - INFO - process ingested knowledge for /app/data/T0002/209001/b3686k5/wesnoth-209001/src/widgets/progressbar.cpp
2026-02-02 10:07:35,137 - Knowledge - INFO - Processing batch of 5 files
2026-02-02 10:07:35,161 - Knowledge - INFO - process ingested knowledge for /app/data/T0002/209001/b3686k5/wesnoth-209001/MacOSX/freetype-headers/freetype/internal/services/svgldict.h
2026-02-02 10:07:35,459 - Knowledge - INFO - Fast-tracked /app/data/T0002/209001/b3686k5/wesnoth-209001/MacOSX/freetype-headers/freetype/internal/internal.h (small file (2957 bytes))
2026-02-02 10:07:35,939 - Knowledge - INFO - [LLM_CALL] Completed: editor_undo.cpp:chunk1, Duration: 133078ms, PromptTokens: 2708, CompletionTokens: 1129, Cost: $0.00072
2026-02-02 10:07:35,945 - Knowledge - INFO - done ingest for /app/data/T0002/209001/b3686k5/wesnoth-209001/src/editor/editor_undo.cpp
2026-02-02 10:07:36,491 - Knowledge - INFO - Split /app/data/T0002/209001/b3686k5/wesnoth-209001/MacOSX/freetype-headers/freetype/internal/tttypes.h (81594 bytes) into 3 chunks of ~32KB
2026-02-02 10:07:36,878 - Knowledge - INFO - process ingested knowledge for /app/data/T0002/209001/b3686k5/wesnoth-209001/src/widgets/menu.hpp
2026-02-02 10:07:37,269 - Knowledge - INFO - Async storage completed for 6 embeddings
2026-02-02 10:07:38,088 - Knowledge - INFO - [kw7] Queue=152, InProgress=0, PendingWorkers=20/20, Completed=241/474 (50.8%)
2026-02-02 10:07:38,122 - Knowledge - INFO - Batch sizing: calculated=5, max_allowed=10, queue=152, active_workers=20/20
2026-02-02 10:07:38,273 - Knowledge - INFO - process ingested knowledge for /app/data/T0002/209001/b3686k5/wesnoth-209001/MacOSX/freetype-headers/freetype/internal/services/svxf86nm.h
2026-02-02 10:07:39,659 - Knowledge - INFO - [LLM_CALL] Completed: fttypes.h:chunk1, Duration: 36094ms, PromptTokens: 8388, CompletionTokens: 374, Cost: $0.00099
2026-02-02 10:07:39,739 - Knowledge - INFO - done ingest for /app/data/T0002/209001/b3686k5/wesnoth-209001/MacOSX/freetype-headers/freetype/fttypes.h
2026-02-02 10:07:39,801 - Knowledge - INFO - Async storing batch of 6 embeddings
2026-02-02 10:07:39,838 - Knowledge - INFO - Worker kw7 processing /app/data/T0002/209001/b3686k5/wesnoth-209001/MacOSX/freetype-headers/freetype/internal/ftdebug.h
2026-02-02 10:07:39,847 - Knowledge - INFO - process ingested knowledge for /app/data/T0002/209001/b3686k5/wesnoth-209001/src/widgets/textbox.cpp
2026-02-02 10:07:39,864 - Knowledge - INFO - process ingested knowledge for /app/data/T0002/209001/b3686k5/wesnoth-209001/MacOSX/freetype-headers/freetype/internal/services/svpsinfo.h
2026-02-02 10:07:39,954 - Knowledge - INFO - Worker kw7 processing /app/data/T0002/209001/b3686k5/wesnoth-209001/MacOSX/freetype-headers/freetype/internal/fttrace.h
2026-02-02 10:07:40,234 - Knowledge - INFO - Worker kw7 processing /app/data/T0002/209001/b3686k5/wesnoth-209001/MacOSX/freetype-headers/freetype/internal/pshints.h
2026-02-02 10:07:40,363 - Knowledge - INFO - Worker kw7 processing /app/data/T0002/209001/b3686k5/wesnoth-209001/MacOSX/freetype-headers/freetype/tttags.h
2026-02-02 10:07:40,423 - Knowledge - INFO - Worker kw7 processing /app/data/T0002/209001/b3686k5/wesnoth-209001/MacOSX/freetype-headers/freetype/fttrigon.h
2026-02-02 10:07:41,734 - Knowledge - INFO - process ingested knowledge for /app/data/T0002/209001/b3686k5/wesnoth-209001/src/multiplayer_connect.hpp
2026-02-02 10:07:41,750 - Knowledge - INFO - process ingested knowledge for /app/data/T0002/209001/b3686k5/wesnoth-209001/MacOSX/freetype-headers/freetype/internal/services/svmm.h
2026-02-02 10:07:43,000 - Knowledge - INFO - [LLM_CALL] Completed: ftsystem.h:chunk1, Duration: 40512ms, PromptTokens: 5204, CompletionTokens: 366, Cost: $0.00067
2026-02-02 10:07:43,052 - Knowledge - INFO - done ingest for /app/data/T0002/209001/b3686k5/wesnoth-209001/MacOSX/freetype-headers/freetype/ftsystem.h
2026-02-02 10:07:43,440 - Knowledge - INFO - process ingested knowledge for /app/data/T0002/209001/b3686k5/wesnoth-209001/src/server/game.hpp
2026-02-02 10:07:43,457 - Knowledge - INFO - process ingested knowledge for /app/data/T0002/209001/b3686k5/wesnoth-209001/MacOSX/freetype-headers/freetype/internal/services/svwinfnt.h
2026-02-02 10:07:43,466 - Knowledge - INFO - [WEBSOCKET] Sent: Type=progress_update, Size: 289, Duration: 0ms
2026-02-02 10:07:43,560 - Knowledge - INFO - [kw8] Queue=147, InProgress=0, PendingWorkers=20/20, Completed=246/474 (51.9%)
2026-02-02 10:07:43,746 - Knowledge - INFO - Batch sizing: calculated=5, max_allowed=10, queue=147, active_workers=20/20
2026-02-02 10:07:44,656 - Knowledge - INFO - [WEBSOCKET] Sent: Type=unknown, Size: ?, Duration: 1190ms
2026-02-02 10:07:44,656 - Knowledge - INFO - Progress: 51.9% | Files: 246/474 | Rate: 0.60 files/sec | Queue: 147
2026-02-02 10:07:46,398 - Knowledge - INFO - Async storage completed for 6 embeddings
2026-02-02 10:07:47,936 - Knowledge - INFO - [LLM_CALL] Completed: ftstream.h:chunk1, Duration: 32467ms, PromptTokens: 12028, CompletionTokens: 571, Cost: $0.00143
2026-02-02 10:07:47,942 - Knowledge - INFO - done ingest for /app/data/T0002/209001/b3686k5/wesnoth-209001/MacOSX/freetype-headers/freetype/internal/ftstream.h
2026-02-02 10:07:48,043 - Knowledge - INFO - Async storing batch of 6 embeddings
2026-02-02 10:07:48,222 - Knowledge - INFO - [kw3] Queue=142, InProgress=0, PendingWorkers=20/20, Completed=248/474 (52.3%)
2026-02-02 10:07:48,222 - Knowledge - INFO - Batch sizing: calculated=5, max_allowed=10, queue=142, active_workers=20/20
2026-02-02 10:07:48,253 - Knowledge - INFO - Worker kw8 processing /app/data/T0002/209001/b3686k5/wesnoth-209001/MacOSX/freetype-headers/freetype/ftimage.h
2026-02-02 10:07:48,535 - Knowledge - INFO - [LLM_CALL] Completed: ftcmanag.h:chunk1, Duration: 95579ms, PromptTokens: 3494, CompletionTokens: 425, Cost: $0.00052
2026-02-02 10:07:48,824 - Knowledge - INFO - done ingest for /app/data/T0002/209001/b3686k5/wesnoth-209001/MacOSX/freetype-headers/freetype/cache/ftcmanag.h
2026-02-02 10:07:48,844 - Knowledge - INFO - Worker kw8 processing /app/data/T0002/209001/b3686k5/wesnoth-209001/MacOSX/freetype-headers/freetype/ftbbox.h
2026-02-02 10:07:49,354 - Knowledge - INFO - Worker kw8 processing /app/data/T0002/209001/b3686k5/wesnoth-209001/MacOSX/freetype-headers/freetype/ftsysio.h
2026-02-02 10:07:49,505 - Knowledge - INFO - [LLM_CALL] Completed: ftincrem.h:chunk1, Duration: 54539ms, PromptTokens: 5236, CompletionTokens: 371, Cost: $0.00067
2026-02-02 10:07:49,551 - Knowledge - INFO - done ingest for /app/data/T0002/209001/b3686k5/wesnoth-209001/MacOSX/freetype-headers/freetype/ftincrem.h
2026-02-02 10:07:49,569 - Knowledge - INFO - Worker kw8 processing /app/data/T0002/209001/b3686k5/wesnoth-209001/MacOSX/freetype-headers/freetype/ftsnames.h
2026-02-02 10:07:49,673 - Knowledge - INFO - Worker kw8 processing /app/data/T0002/209001/b3686k5/wesnoth-209001/MacOSX/freetype-headers/ft2build.h
2026-02-02 10:07:50,390 - Knowledge - INFO - Split /app/data/T0002/209001/b3686k5/wesnoth-209001/MacOSX/freetype-headers/freetype/ftimage.h (77838 bytes) into 3 chunks of ~32KB
2026-02-02 10:07:50,436 - Knowledge - INFO - Async storing batch of 6 embeddings
2026-02-02 10:07:50,640 - Knowledge - INFO - Worker kw3 processing /app/data/T0002/209001/b3686k5/wesnoth-209001/MacOSX/Wesnoth Scenario Editor/WNTerrainView.m
2026-02-02 10:07:50,663 - Knowledge - INFO - Fast-tracked /app/data/T0002/209001/b3686k5/wesnoth-209001/MacOSX/Wesnoth Scenario Editor/WNTerrainView.m (ext=.m, size=383)
2026-02-02 10:07:50,687 - Knowledge - INFO - Worker kw3 processing /app/data/T0002/209001/b3686k5/wesnoth-209001/MacOSX/Wesnoth Scenario Editor/WNCharacters.m
2026-02-02 10:07:50,802 - Knowledge - INFO - Worker kw3 processing /app/data/T0002/209001/b3686k5/wesnoth-209001/MacOSX/Wesnoth Scenario Editor/main.m
2026-02-02 10:07:50,964 - Knowledge - INFO - Fast-tracked /app/data/T0002/209001/b3686k5/wesnoth-209001/MacOSX/Wesnoth Scenario Editor/main.m (ext=.m, size=343)
2026-02-02 10:07:51,074 - Knowledge - INFO - Processing batch of 5 files
2026-02-02 10:07:51,080 - Knowledge - INFO - Worker kw3 processing /app/data/T0002/209001/b3686k5/wesnoth-209001/MacOSX/Wesnoth Scenario Editor/WNCampaign.m
2026-02-02 10:07:51,150 - Knowledge - INFO - [LLM_CALL] Completed: ftrfork.h:chunk1, Duration: 34008ms, PromptTokens: 3878, CompletionTokens: 354, Cost: $0.00053
2026-02-02 10:07:51,209 - Knowledge - INFO - process ingested knowledge for /app/data/T0002/209001/b3686k5/wesnoth-209001/MacOSX/freetype-headers/freetype/internal/t1types.h
2026-02-02 10:07:51,376 - Knowledge - INFO - done ingest for /app/data/T0002/209001/b3686k5/wesnoth-209001/MacOSX/freetype-headers/freetype/internal/ftrfork.h
2026-02-02 10:07:51,422 - Knowledge - INFO - [LLM_CALL] Completed: ftmm.h:chunk1, Duration: 65779ms, PromptTokens: 6736, CompletionTokens: 510, Cost: $0.00088
2026-02-02 10:07:51,497 - Knowledge - INFO - Worker kw3 processing /app/data/T0002/209001/b3686k5/wesnoth-209001/MacOSX/Wesnoth Scenario Editor/WNIconListView.m
2026-02-02 10:07:51,597 - Knowledge - INFO - done ingest for /app/data/T0002/209001/b3686k5/wesnoth-209001/MacOSX/freetype-headers/freetype/ftmm.h
2026-02-02 10:07:51,730 - Knowledge - INFO - [LLM_CALL] Completed: map_manip.cpp:chunk1, Duration: 148196ms, PromptTokens: 5614, CompletionTokens: 676, Cost: $0.00083
2026-02-02 10:07:51,757 - Knowledge - INFO - Fast-tracked /app/data/T0002/209001/b3686k5/wesnoth-209001/MacOSX/Wesnoth Scenario Editor/WNIconListView.m (ext=.m, size=442)
2026-02-02 10:07:51,946 - Knowledge - INFO - done ingest for /app/data/T0002/209001/b3686k5/wesnoth-209001/src/editor/map_manip.cpp
2026-02-02 10:07:52,275 - Knowledge - INFO - [LLM_CALL] Completed: ftsynth.h:chunk1, Duration: 57620ms, PromptTokens: 1716, CompletionTokens: 272, Cost: $0.00028
2026-02-02 10:07:52,279 - Knowledge - INFO - done ingest for /app/data/T0002/209001/b3686k5/wesnoth-209001/MacOSX/freetype-headers/freetype/ftsynth.h
2026-02-02 10:07:52,522 - Knowledge - INFO - Processing batch of 6 files
2026-02-02 10:07:52,525 - Knowledge - INFO - process ingested knowledge for /app/data/T0002/209001/b3686k5/wesnoth-209001/src/playlevel.cpp
2026-02-02 10:07:52,787 - Knowledge - INFO - process ingested knowledge for /app/data/T0002/209001/b3686k5/wesnoth-209001/MacOSX/freetype-headers/freetype/internal/pcftypes.h
2026-02-02 10:07:53,223 - Knowledge - INFO - Fast-tracked /app/data/T0002/209001/b3686k5/wesnoth-209001/MacOSX/freetype-headers/ft2build.h (small file (2185 bytes))
2026-02-02 10:07:53,243 - Knowledge - INFO - Async storage completed for 6 embeddings
2026-02-02 10:07:53,339 - Knowledge - INFO - Async storage completed for 6 embeddings
2026-02-02 10:07:53,997 - Knowledge - INFO - process ingested knowledge for /app/data/T0002/209001/b3686k5/wesnoth-209001/src/cursor.cpp
2026-02-02 10:07:54,048 - Knowledge - INFO - process ingested knowledge for /app/data/T0002/209001/b3686k5/wesnoth-209001/MacOSX/freetype-headers/freetype/internal/services/svpostnm.h
2026-02-02 10:07:54,491 - Knowledge - INFO - [LLM_CALL] Completed: ftxf86.h:chunk1, Duration: 85124ms, PromptTokens: 1694, CompletionTokens: 239, Cost: $0.00026
2026-02-02 10:07:54,496 - Knowledge - INFO - done ingest for /app/data/T0002/209001/b3686k5/wesnoth-209001/MacOSX/freetype-headers/freetype/ftxf86.h
2026-02-02 10:07:55,512 - Knowledge - INFO - process ingested knowledge for /app/data/T0002/209001/b3686k5/wesnoth-209001/src/gamestatus.cpp
2026-02-02 10:07:57,245 - Knowledge - INFO - process ingested knowledge for /app/data/T0002/209001/b3686k5/wesnoth-209001/MacOSX/freetype-headers/freetype/internal/services/svttcmap.h
2026-02-02 10:07:57,759 - Knowledge - INFO - [LLM_CALL] Completed: ftoption.h:chunk1, Duration: 69955ms, PromptTokens: 11440, CompletionTokens: 484, Cost: $0.00134
2026-02-02 10:07:58,022 - Knowledge - INFO - done ingest for /app/data/T0002/209001/b3686k5/wesnoth-209001/MacOSX/freetype-headers/freetype/config/ftoption.h
2026-02-02 10:07:58,829 - Knowledge - INFO - process ingested knowledge for /app/data/T0002/209001/b3686k5/wesnoth-209001/src/pathutils.cpp
2026-02-02 10:07:58,939 - Knowledge - INFO - process ingested knowledge for /app/data/T0002/209001/b3686k5/wesnoth-209001/MacOSX/freetype-headers/freetype/internal/services/svsfnt.h
2026-02-02 10:08:00,630 - Knowledge - INFO - process ingested knowledge for /app/data/T0002/209001/b3686k5/wesnoth-209001/src/mouse.hpp
2026-02-02 10:08:01,165 - Knowledge - INFO - [LLM_CALL] Completed: ftconfig.h:chunk1, Duration: 73807ms, PromptTokens: 5742, CompletionTokens: 294, Cost: $0.00069
2026-02-02 10:08:01,289 - Knowledge - INFO - done ingest for /app/data/T0002/209001/b3686k5/wesnoth-209001/MacOSX/freetype-headers/freetype/config/ftconfig.h
2026-02-02 10:08:01,363 - Knowledge - INFO - [LLM_CALL] Completed: svpscmap.h:chunk1, Duration: 46019ms, PromptTokens: 2238, CompletionTokens: 488, Cost: $0.00042
2026-02-02 10:08:01,436 - Knowledge - INFO - done ingest for /app/data/T0002/209001/b3686k5/wesnoth-209001/MacOSX/freetype-headers/freetype/internal/services/svpscmap.h
2026-02-02 10:08:02,062 - Knowledge - INFO - [WEBSOCKET] Sent: Type=progress_update, Size: 292, Duration: 0ms
2026-02-02 10:08:02,158 - Knowledge - INFO - [WEBSOCKET] Sent: Type=unknown, Size: ?, Duration: 96ms
2026-02-02 10:08:02,176 - Knowledge - INFO - Progress: 54.4% | Files: 258/474 | Rate: 0.61 files/sec | Queue: 137
2026-02-02 10:08:02,303 - Knowledge - INFO - process ingested knowledge for /app/data/T0002/209001/b3686k5/wesnoth-209001/src/tooltips.cpp
2026-02-02 10:08:02,677 - Knowledge - INFO - [LLM_CALL] Completed: editor_palettes.cpp:chunk1, Duration: 161987ms, PromptTokens: 7910, CompletionTokens: 1495, Cost: $0.00139
2026-02-02 10:08:02,779 - Knowledge - INFO - done ingest for /app/data/T0002/209001/b3686k5/wesnoth-209001/src/editor/editor_palettes.cpp
2026-02-02 10:08:03,609 - Knowledge - INFO - [LLM_CALL] Completed: ftoutln.h:chunk1, Duration: 78959ms, PromptTokens: 8530, CompletionTokens: 874, Cost: $0.00120
2026-02-02 10:08:03,627 - Knowledge - INFO - done ingest for /app/data/T0002/209001/b3686k5/wesnoth-209001/MacOSX/freetype-headers/freetype/ftoutln.h
2026-02-02 10:08:03,779 - Knowledge - INFO - [kw13] Queue=137, InProgress=0, PendingWorkers=20/20, Completed=260/474 (54.9%)
2026-02-02 10:08:03,845 - Knowledge - INFO - Batch sizing: calculated=5, max_allowed=10, queue=137, active_workers=20/20
2026-02-02 10:08:04,435 - Knowledge - INFO - Processing batch of 5 files
2026-02-02 10:08:04,436 - Knowledge - INFO - process ingested knowledge for /app/data/T0002/209001/b3686k5/wesnoth-209001/MacOSX/freetype-headers/freetype/config/ftheader.h
2026-02-02 10:08:06,180 - Knowledge - INFO - Async storing batch of 5 embeddings
2026-02-02 10:08:06,186 - Knowledge - INFO - Worker kw13 processing /app/data/T0002/209001/b3686k5/wesnoth-209001/MacOSX/Wesnoth Scenario Editor/WNRecruitListView.h
2026-02-02 10:08:06,299 - Knowledge - INFO - process ingested knowledge for /app/data/T0002/209001/b3686k5/wesnoth-209001/MacOSX/freetype-headers/freetype/ttunpat.h
2026-02-02 10:08:06,349 - Knowledge - INFO - Fast-tracked /app/data/T0002/209001/b3686k5/wesnoth-209001/MacOSX/Wesnoth Scenario Editor/WNRecruitListView.h (ext=.h, size=133)
2026-02-02 10:08:06,382 - Knowledge - INFO - Worker kw13 processing /app/data/T0002/209001/b3686k5/wesnoth-209001/MacOSX/Wesnoth Scenario Editor/WNScenarioList.m
2026-02-02 10:08:06,622 - Knowledge - INFO - Processing batch of 6 files
2026-02-02 10:08:06,622 - Knowledge - INFO - process ingested knowledge for /app/data/T0002/209001/b3686k5/wesnoth-209001/MacOSX/freetype-headers/freetype/cache/ftcsbits.h
2026-02-02 10:08:06,668 - Knowledge - INFO - Fast-tracked /app/data/T0002/209001/b3686k5/wesnoth-209001/MacOSX/Wesnoth Scenario Editor/WNScenarioList.m (ext=.m, size=1832)
2026-02-02 10:08:06,669 - Knowledge - INFO - Worker kw13 processing /app/data/T0002/209001/b3686k5/wesnoth-209001/MacOSX/Wesnoth Scenario Editor/WMLTerrain.m
2026-02-02 10:08:06,831 - Knowledge - INFO - Fast-tracked /app/data/T0002/209001/b3686k5/wesnoth-209001/MacOSX/Wesnoth Scenario Editor/WMLTerrain.m (ext=.m, size=1422)
2026-02-02 10:08:06,835 - Knowledge - INFO - Worker kw13 processing /app/data/T0002/209001/b3686k5/wesnoth-209001/MacOSX/Wesnoth Scenario Editor/WMLSide.m
2026-02-02 10:08:06,960 - Knowledge - INFO - Worker kw13 processing /app/data/T0002/209001/b3686k5/wesnoth-209001/MacOSX/Wesnoth Scenario Editor/WMLScenarioDetails.h
2026-02-02 10:08:07,065 - Knowledge - INFO - Fast-tracked /app/data/T0002/209001/b3686k5/wesnoth-209001/MacOSX/Wesnoth Scenario Editor/WMLScenarioDetails.h (ext=.h, size=685)
2026-02-02 10:08:07,179 - Knowledge - INFO - [LLM_CALL] Completed: ftstdlib.h:chunk1, Duration: 80006ms, PromptTokens: 2722, CompletionTokens: 467, Cost: $0.00046
2026-02-02 10:08:07,322 - Knowledge - INFO - done ingest for /app/data/T0002/209001/b3686k5/wesnoth-209001/MacOSX/freetype-headers/freetype/config/ftstdlib.h
2026-02-02 10:08:07,340 - Knowledge - INFO - [kw6] Queue=132, InProgress=0, PendingWorkers=20/20, Completed=262/474 (55.3%)
2026-02-02 10:08:07,359 - Knowledge - INFO - Batch sizing: calculated=5, max_allowed=10, queue=132, active_workers=20/20
2026-02-02 10:08:07,434 - Knowledge - WARNING - Timeout processing /app/data/T0002/209001/b3686k5/wesnoth-209001/src/editor/editor_dialogs.cpp after 90s - using fallback metadata
2026-02-02 10:08:07,440 - Knowledge - WARNING - Timeout processing /app/data/T0002/209001/b3686k5/wesnoth-209001/src/editor/editor.cpp after 90s - using fallback metadata
2026-02-02 10:08:07,448 - Knowledge - INFO - Fast-tracked /app/data/T0002/209001/b3686k5/wesnoth-209001/MacOSX/Wesnoth Scenario Editor/WMLSide.m (small file (2818 bytes))
2026-02-02 10:08:07,578 - Knowledge - INFO - Async storage completed for 5 embeddings
2026-02-02 10:08:08,462 - Knowledge - INFO - process ingested knowledge for /app/data/T0002/209001/b3686k5/wesnoth-209001/MacOSX/freetype-headers/freetype/cache/ftccmap.h
2026-02-02 10:08:08,550 - Knowledge - INFO - Async storing batch of 6 embeddings
2026-02-02 10:08:08,689 - Knowledge - INFO - Worker kw6 processing /app/data/T0002/209001/b3686k5/wesnoth-209001/MacOSX/Wesnoth Scenario Editor/WNDefeatList.h
2026-02-02 10:08:08,892 - Knowledge - INFO - Fast-tracked /app/data/T0002/209001/b3686k5/wesnoth-209001/MacOSX/Wesnoth Scenario Editor/WNDefeatList.h (ext=.h, size=393)
2026-02-02 10:08:08,986 - Knowledge - INFO - Worker kw6 processing /app/data/T0002/209001/b3686k5/wesnoth-209001/MacOSX/Wesnoth Scenario Editor/WNTerrains.m
2026-02-02 10:08:09,258 - Knowledge - INFO - Worker kw6 processing /app/data/T0002/209001/b3686k5/wesnoth-209001/MacOSX/Wesnoth Scenario Editor/WMLEvent.h
2026-02-02 10:08:09,327 - Knowledge - INFO - Fast-tracked /app/data/T0002/209001/b3686k5/wesnoth-209001/MacOSX/Wesnoth Scenario Editor/WMLEvent.h (ext=.h, size=1628)
2026-02-02 10:08:09,373 - Knowledge - INFO - Worker kw6 processing /app/data/T0002/209001/b3686k5/wesnoth-209001/MacOSX/Wesnoth Scenario Editor/WNEventDataSource.h
2026-02-02 10:08:09,460 - Knowledge - INFO - Fast-tracked /app/data/T0002/209001/b3686k5/wesnoth-209001/MacOSX/Wesnoth Scenario Editor/WNEventDataSource.h (ext=.h, size=787)
2026-02-02 10:08:09,461 - Knowledge - INFO - Worker kw6 processing /app/data/T0002/209001/b3686k5/wesnoth-209001/MacOSX/Wesnoth Scenario Editor/WNCharacterListView.m
2026-02-02 10:08:09,552 - Knowledge - INFO - Fast-tracked /app/data/T0002/209001/b3686k5/wesnoth-209001/MacOSX/Wesnoth Scenario Editor/WNCharacterListView.m (ext=.m, size=118)
2026-02-02 10:08:10,073 - Knowledge - INFO - process ingested knowledge for /app/data/T0002/209001/b3686k5/wesnoth-209001/MacOSX/freetype-headers/freetype/ftwinfnt.h
2026-02-02 10:08:10,240 - Knowledge - INFO - Async storage completed for 6 embeddings
2026-02-02 10:08:11,097 - Knowledge - INFO - [LLM_CALL] Completed: t1tables.h:chunk1, Duration: 84374ms, PromptTokens: 6434, CompletionTokens: 298, Cost: $0.00076
2026-02-02 10:08:11,179 - Knowledge - INFO - done ingest for /app/data/T0002/209001/b3686k5/wesnoth-209001/MacOSX/freetype-headers/freetype/t1tables.h
2026-02-02 10:08:11,375 - Knowledge - INFO - process ingested knowledge for /app/data/T0002/209001/b3686k5/wesnoth-209001/MacOSX/freetype-headers/freetype/cache/ftcimage.h
2026-02-02 10:08:11,496 - Knowledge - INFO - process ingested knowledge for /app/data/T0002/209001/b3686k5/wesnoth-209001/MacOSX/freetype-headers/freetype/ftsynth.h
2026-02-02 10:08:12,564 - Knowledge - INFO - process ingested knowledge for /app/data/T0002/209001/b3686k5/wesnoth-209001/MacOSX/freetype-headers/freetype/cache/ftcglyph.h
2026-02-02 10:08:12,615 - Knowledge - INFO - [LLM_CALL] Completed: ftdebug.h:chunk1, Duration: 31717ms, PromptTokens: 3980, CompletionTokens: 281, Cost: $0.00051
2026-02-02 10:08:12,615 - Knowledge - INFO - done ingest for /app/data/T0002/209001/b3686k5/wesnoth-209001/MacOSX/freetype-headers/freetype/internal/ftdebug.h
2026-02-02 10:08:12,838 - Knowledge - INFO - [LLM_CALL] Completed: pathfind.cpp:chunk1, Duration: 147603ms, PromptTokens: 10500, CompletionTokens: 2530, Cost: $0.00206
2026-02-02 10:08:12,881 - Knowledge - INFO - done ingest for /app/data/T0002/209001/b3686k5/wesnoth-209001/src/pathfind.cpp
2026-02-02 10:08:13,125 - Knowledge - INFO - [LLM_CALL] Completed: ftdriver.h:chunk1, Duration: 55045ms, PromptTokens: 4082, CompletionTokens: 291, Cost: $0.00052
2026-02-02 10:08:13,171 - Knowledge - INFO - process ingested knowledge for /app/data/T0002/209001/b3686k5/wesnoth-209001/MacOSX/freetype-headers/freetype/ftincrem.h
2026-02-02 10:08:13,172 - Knowledge - INFO - done ingest for /app/data/T0002/209001/b3686k5/wesnoth-209001/MacOSX/freetype-headers/freetype/internal/ftdriver.h
2026-02-02 10:08:13,354 - Knowledge - INFO - process ingested knowledge for /app/data/T0002/209001/b3686k5/wesnoth-209001/MacOSX/freetype-headers/freetype/cache/ftcmanag.h
2026-02-02 10:08:13,489 - Knowledge - INFO - process ingested knowledge for /app/data/T0002/209001/b3686k5/wesnoth-209001/MacOSX/freetype-headers/freetype/cache/ftccache.h
2026-02-02 10:08:13,647 - Knowledge - INFO - [LLM_CALL] Completed: ftserv.h:chunk1, Duration: 67156ms, PromptTokens: 4986, CompletionTokens: 413, Cost: $0.00066
2026-02-02 10:08:13,727 - Knowledge - INFO - done ingest for /app/data/T0002/209001/b3686k5/wesnoth-209001/MacOSX/freetype-headers/freetype/internal/ftserv.h
2026-02-02 10:08:13,804 - Knowledge - INFO - [WEBSOCKET] Sent: Type=progress_update, Size: 290, Duration: 221ms
2026-02-02 10:08:13,983 - Knowledge - INFO - [WEBSOCKET] Sent: Type=unknown, Size: ?, Duration: 400ms
2026-02-02 10:08:14,009 - Knowledge - INFO - Progress: 57.8% | Files: 275/474 | Rate: 0.63 files/sec | Queue: 127
2026-02-02 10:08:14,153 - Knowledge - INFO - Processing batch of 5 files
2026-02-02 10:08:14,186 - Knowledge - INFO - [LLM_CALL] Completed: ftsizes.h:chunk1, Duration: 71792ms, PromptTokens: 3356, CompletionTokens: 342, Cost: $0.00047
2026-02-02 10:08:14,240 - Knowledge - INFO - process ingested knowledge for /app/data/T0002/209001/b3686k5/wesnoth-209001/MacOSX/Wesnoth Scenario Editor/WNRecruitListView.h
2026-02-02 10:08:14,359 - Knowledge - INFO - done ingest for /app/data/T0002/209001/b3686k5/wesnoth-209001/MacOSX/freetype-headers/freetype/ftsizes.h
2026-02-02 10:08:14,767 - Knowledge - INFO - [kw20] Queue=127, InProgress=0, PendingWorkers=20/20, Completed=277/474 (58.4%)
2026-02-02 10:08:14,827 - Knowledge - INFO - Batch sizing: calculated=5, max_allowed=10, queue=127, active_workers=20/20
2026-02-02 10:08:14,934 - Knowledge - INFO - process ingested knowledge for /app/data/T0002/209001/b3686k5/wesnoth-209001/MacOSX/Wesnoth Scenario Editor/WNScenarioList.m
2026-02-02 10:08:15,693 - Knowledge - INFO - [LLM_CALL] Completed: fttrace.h:chunk1, Duration: 33917ms, PromptTokens: 2824, CompletionTokens: 420, Cost: $0.00045
2026-02-02 10:08:15,694 - Knowledge - INFO - done ingest for /app/data/T0002/209001/b3686k5/wesnoth-209001/MacOSX/freetype-headers/freetype/internal/fttrace.h
2026-02-02 10:08:16,059 - Knowledge - INFO - Async storing batch of 5 embeddings
2026-02-02 10:08:16,072 - Knowledge - INFO - Worker kw20 processing /app/data/T0002/209001/b3686k5/wesnoth-209001/MacOSX/Wesnoth Scenario Editor/WNCharacterEditor.m
2026-02-02 10:08:16,271 - Knowledge - INFO - Worker kw20 processing /app/data/T0002/209001/b3686k5/wesnoth-209001/MacOSX/Wesnoth Scenario Editor/WNCampaignIconView.m
2026-02-02 10:08:16,283 - Knowledge - INFO - Fast-tracked /app/data/T0002/209001/b3686k5/wesnoth-209001/MacOSX/Wesnoth Scenario Editor/WNCampaignIconView.m (ext=.m, size=1907)
2026-02-02 10:08:16,284 - Knowledge - INFO - Worker kw20 processing /app/data/T0002/209001/b3686k5/wesnoth-209001/MacOSX/Wesnoth Scenario Editor/WNScenarioDesignDelegate.h
2026-02-02 10:08:16,430 - Knowledge - INFO - Fast-tracked /app/data/T0002/209001/b3686k5/wesnoth-209001/MacOSX/Wesnoth Scenario Editor/WNScenarioDesignDelegate.h (ext=.h, size=199)
2026-02-02 10:08:16,448 - Knowledge - INFO - Worker kw20 processing /app/data/T0002/209001/b3686k5/wesnoth-209001/MacOSX/Wesnoth Scenario Editor/WMLMap.h
2026-02-02 10:08:16,665 - Knowledge - INFO - Fast-tracked /app/data/T0002/209001/b3686k5/wesnoth-209001/MacOSX/Wesnoth Scenario Editor/WMLMap.h (ext=.h, size=1290)
2026-02-02 10:08:16,679 - Knowledge - INFO - Worker kw20 processing /app/data/T0002/209001/b3686k5/wesnoth-209001/MacOSX/Wesnoth Scenario Editor/Wesnoth_Scenario_Editor_Prefix.h
2026-02-02 10:08:16,782 - Knowledge - INFO - Fast-tracked /app/data/T0002/209001/b3686k5/wesnoth-209001/MacOSX/Wesnoth Scenario Editor/Wesnoth_Scenario_Editor_Prefix.h (ext=.h, size=505)
2026-02-02 10:08:17,050 - Knowledge - INFO - process ingested knowledge for /app/data/T0002/209001/b3686k5/wesnoth-209001/MacOSX/Wesnoth Scenario Editor/WMLTerrain.m
2026-02-02 10:08:17,174 - Knowledge - INFO - [LLM_CALL] Completed: ftbbox.h:chunk1, Duration: 25484ms, PromptTokens: 1994, CompletionTokens: 236, Cost: $0.00029
2026-02-02 10:08:17,186 - Knowledge - INFO - done ingest for /app/data/T0002/209001/b3686k5/wesnoth-209001/MacOSX/freetype-headers/freetype/ftbbox.h
2026-02-02 10:08:17,504 - Knowledge - INFO - Processing batch of 6 files
2026-02-02 10:08:17,542 - Knowledge - INFO - Async storage completed for 5 embeddings
2026-02-02 10:08:17,542 - Knowledge - INFO - process ingested knowledge for /app/data/T0002/209001/b3686k5/wesnoth-209001/MacOSX/freetype-headers/freetype/ftbdf.h
2026-02-02 10:08:18,537 - Knowledge - WARNING - Timeout processing /app/data/T0002/209001/b3686k5/wesnoth-209001/src/editor/editor.hpp after 90s - using fallback metadata
2026-02-02 10:08:18,959 - Knowledge - INFO - process ingested knowledge for /app/data/T0002/209001/b3686k5/wesnoth-209001/MacOSX/Wesnoth Scenario Editor/WMLSide.m
2026-02-02 10:08:19,699 - Knowledge - INFO - process ingested knowledge for /app/data/T0002/209001/b3686k5/wesnoth-209001/MacOSX/freetype-headers/freetype/ftoutln.h
2026-02-02 10:08:19,732 - Knowledge - INFO - [WEBSOCKET] Sent: Type=progress_update, Size: 292, Duration: 0ms
2026-02-02 10:08:19,804 - Knowledge - INFO - process ingested knowledge for /app/data/T0002/209001/b3686k5/wesnoth-209001/MacOSX/Wesnoth Scenario Editor/WMLScenarioDetails.h
2026-02-02 10:08:19,873 - Knowledge - INFO - [WEBSOCKET] Sent: Type=unknown, Size: ?, Duration: 141ms
2026-02-02 10:08:19,888 - Knowledge - INFO - Progress: 60.8% | Files: 290/474 | Rate: 0.66 files/sec | Queue: 122
2026-02-02 10:08:20,638 - Knowledge - INFO - process ingested knowledge for /app/data/T0002/209001/b3686k5/wesnoth-209001/MacOSX/freetype-headers/freetype/ftgzip.h
2026-02-02 10:08:20,701 - Knowledge - INFO - [kw12] Queue=122, InProgress=0, PendingWorkers=20/20, Completed=291/474 (61.4%)
2026-02-02 10:08:20,892 - Knowledge - INFO - Batch sizing: calculated=5, max_allowed=10, queue=122, active_workers=20/20
2026-02-02 10:08:21,033 - Knowledge - INFO - Processing batch of 6 files
2026-02-02 10:08:21,034 - Knowledge - INFO - process ingested knowledge for /app/data/T0002/209001/b3686k5/wesnoth-209001/src/editor/map_manip.hpp
2026-02-02 10:08:21,130 - Knowledge - INFO - Processing batch of 5 files
2026-02-02 10:08:21,189 - Knowledge - INFO - process ingested knowledge for /app/data/T0002/209001/b3686k5/wesnoth-209001/MacOSX/freetype-headers/freetype/internal/services/svpscmap.h
2026-02-02 10:08:21,891 - Knowledge - INFO - [LLM_CALL] Completed: fterrors.h:chunk1, Duration: 76259ms, PromptTokens: 3792, CompletionTokens: 294, Cost: $0.00050
2026-02-02 10:08:21,892 - Knowledge - INFO - done ingest for /app/data/T0002/209001/b3686k5/wesnoth-209001/MacOSX/freetype-headers/freetype/fterrors.h
2026-02-02 10:08:22,058 - Knowledge - INFO - [LLM_CALL] Completed: ftmac.h:chunk1, Duration: 78796ms, PromptTokens: 3308, CompletionTokens: 370, Cost: $0.00048
2026-02-02 10:08:22,101 - Knowledge - INFO - done ingest for /app/data/T0002/209001/b3686k5/wesnoth-209001/MacOSX/freetype-headers/freetype/ftmac.h
2026-02-02 10:08:22,202 - Knowledge - INFO - process ingested knowledge for /app/data/T0002/209001/b3686k5/wesnoth-209001/MacOSX/freetype-headers/freetype/ftchapters.h
2026-02-02 10:08:23,097 - Knowledge - INFO - [LLM_CALL] Completed: ftlzw.h:chunk1, Duration: 78317ms, PromptTokens: 2232, CompletionTokens: 211, Cost: $0.00031
2026-02-02 10:08:23,097 - Knowledge - INFO - done ingest for /app/data/T0002/209001/b3686k5/wesnoth-209001/MacOSX/freetype-headers/freetype/ftlzw.h
2026-02-02 10:08:23,428 - Knowledge - INFO - process ingested knowledge for /app/data/T0002/209001/b3686k5/wesnoth-209001/src/editor/editor.cpp
2026-02-02 10:08:23,453 - Knowledge - INFO - [LLM_CALL] Completed: ftsysio.h:chunk1, Duration: 31157ms, PromptTokens: 3206, CompletionTokens: 426, Cost: $0.00049
2026-02-02 10:08:23,467 - Knowledge - INFO - process ingested knowledge for /app/data/T0002/209001/b3686k5/wesnoth-209001/MacOSX/freetype-headers/freetype/internal/services/svbdf.h
2026-02-02 10:08:23,486 - Knowledge - INFO - process ingested knowledge for /app/data/T0002/209001/b3686k5/wesnoth-209001/MacOSX/freetype-headers/freetype/freetype.h
2026-02-02 10:08:23,608 - Knowledge - INFO - done ingest for /app/data/T0002/209001/b3686k5/wesnoth-209001/MacOSX/freetype-headers/freetype/ftsysio.h
2026-02-02 10:08:23,674 - Knowledge - INFO - Async storing batch of 6 embeddings
2026-02-02 10:08:23,824 - Knowledge - INFO - Worker kw12 processing /app/data/T0002/209001/b3686k5/wesnoth-209001/MacOSX/Wesnoth Scenario Editor/WNScenario.m
2026-02-02 10:08:23,873 - Knowledge - INFO - Fast-tracked /app/data/T0002/209001/b3686k5/wesnoth-209001/MacOSX/Wesnoth Scenario Editor/WNScenario.m (ext=.m, size=588)
2026-02-02 10:08:24,048 - Knowledge - INFO - Worker kw12 processing /app/data/T0002/209001/b3686k5/wesnoth-209001/MacOSX/Wesnoth Scenario Editor/WNUnitMapView.h
2026-02-02 10:08:24,137 - Knowledge - INFO - Fast-tracked /app/data/T0002/209001/b3686k5/wesnoth-209001/MacOSX/Wesnoth Scenario Editor/WNUnitMapView.h (ext=.h, size=125)
2026-02-02 10:08:24,179 - Knowledge - INFO - Worker kw12 processing /app/data/T0002/209001/b3686k5/wesnoth-209001/MacOSX/Wesnoth Scenario Editor/WNLeaderListView.m
2026-02-02 10:08:24,223 - Knowledge - INFO - Fast-tracked /app/data/T0002/209001/b3686k5/wesnoth-209001/MacOSX/Wesnoth Scenario Editor/WNLeaderListView.m (ext=.m, size=111)
2026-02-02 10:08:24,258 - Knowledge - INFO - [LLM_CALL] Completed: ftmoderr.h:chunk1, Duration: 78236ms, PromptTokens: 3480, CompletionTokens: 413, Cost: $0.00051
2026-02-02 10:08:24,259 - Knowledge - INFO - Worker kw12 processing /app/data/T0002/209001/b3686k5/wesnoth-209001/MacOSX/Wesnoth Scenario Editor/WNEventEditor.h
2026-02-02 10:08:24,955 - Knowledge - INFO - done ingest for /app/data/T0002/209001/b3686k5/wesnoth-209001/MacOSX/freetype-headers/freetype/ftmoderr.h
2026-02-02 10:08:25,038 - Knowledge - INFO - Fast-tracked /app/data/T0002/209001/b3686k5/wesnoth-209001/MacOSX/Wesnoth Scenario Editor/WNEventEditor.h (ext=.h, size=1066)
2026-02-02 10:08:25,102 - Knowledge - INFO - Worker kw12 processing /app/data/T0002/209001/b3686k5/wesnoth-209001/MacOSX/Wesnoth Scenario Editor/WNCharacterList.h
2026-02-02 10:08:25,149 - Knowledge - INFO - Fast-tracked /app/data/T0002/209001/b3686k5/wesnoth-209001/MacOSX/Wesnoth Scenario Editor/WNCharacterList.h (ext=.h, size=408)
2026-02-02 10:08:25,160 - Knowledge - INFO - Async storage completed for 6 embeddings
2026-02-02 10:08:25,161 - Knowledge - INFO - process ingested knowledge for /app/data/T0002/209001/b3686k5/wesnoth-209001/src/editor/editor_main.cpp
2026-02-02 10:08:25,288 - Knowledge - INFO - Processing batch of 6 files
2026-02-02 10:08:25,326 - Knowledge - INFO - Processing batch of 6 files
2026-02-02 10:08:25,390 - Knowledge - INFO - process ingested knowledge for /app/data/T0002/209001/b3686k5/wesnoth-209001/MacOSX/freetype-headers/freetype/ftmodapi.h
2026-02-02 10:08:25,466 - Knowledge - INFO - process ingested knowledge for /app/data/T0002/209001/b3686k5/wesnoth-209001/src/wassert.hpp
2026-02-02 10:08:25,850 - Knowledge - INFO - process ingested knowledge for /app/data/T0002/209001/b3686k5/wesnoth-209001/MacOSX/freetype-headers/freetype/internal/services/svpfr.h
2026-02-02 10:08:25,991 - Knowledge - INFO - process ingested knowledge for /app/data/T0002/209001/b3686k5/wesnoth-209001/MacOSX/freetype-headers/freetype/ftmm.h
2026-02-02 10:08:26,039 - Knowledge - INFO - process ingested knowledge for /app/data/T0002/209001/b3686k5/wesnoth-209001/src/editor/editor_undo.hpp
2026-02-02 10:08:27,001 - Knowledge - INFO - process ingested knowledge for /app/data/T0002/209001/b3686k5/wesnoth-209001/src/help.hpp
2026-02-02 10:08:27,059 - Knowledge - INFO - [LLM_CALL] Completed: ftimage.h:chunk1, Duration: 36608ms, PromptTokens: 10830, CompletionTokens: 302, Cost: $0.00120
2026-02-02 10:08:27,135 - Knowledge - INFO - process ingested knowledge for /app/data/T0002/209001/b3686k5/wesnoth-209001/MacOSX/freetype-headers/freetype/internal/ftrfork.h
2026-02-02 10:08:27,226 - Knowledge - INFO - process ingested knowledge for /app/data/T0002/209001/b3686k5/wesnoth-209001/src/editor/editor_dialogs.cpp
2026-02-02 10:08:27,248 - Knowledge - INFO - [LLM_CALL] Completed: tttables.h:chunk1, Duration: 82389ms, PromptTokens: 13210, CompletionTokens: 507, Cost: $0.00152
2026-02-02 10:08:27,254 - Knowledge - INFO - process ingested knowledge for /app/data/T0002/209001/b3686k5/wesnoth-209001/src/map.cpp
2026-02-02 10:08:27,279 - Knowledge - INFO - process ingested knowledge for /app/data/T0002/209001/b3686k5/wesnoth-209001/MacOSX/freetype-headers/freetype/t1tables.h
2026-02-02 10:08:27,357 - Knowledge - INFO - done ingest for /app/data/T0002/209001/b3686k5/wesnoth-209001/MacOSX/freetype-headers/freetype/tttables.h
2026-02-02 10:08:28,865 - Knowledge - INFO - process ingested knowledge for /app/data/T0002/209001/b3686k5/wesnoth-209001/MacOSX/freetype-headers/freetype/internal/ftdriver.h
2026-02-02 10:08:28,953 - Knowledge - INFO - process ingested knowledge for /app/data/T0002/209001/b3686k5/wesnoth-209001/src/editor/editor_layout.hpp
2026-02-02 10:08:28,974 - Knowledge - INFO - process ingested knowledge for /app/data/T0002/209001/b3686k5/wesnoth-209001/src/cavegen.hpp
2026-02-02 10:08:29,579 - Knowledge - INFO - [LLM_CALL] Completed: WNTerrains.m:chunk1, Duration: 19700ms, PromptTokens: 3422, CompletionTokens: 603, Cost: $0.00058
2026-02-02 10:08:29,589 - Knowledge - INFO - done ingest for /app/data/T0002/209001/b3686k5/wesnoth-209001/MacOSX/Wesnoth Scenario Editor/WNTerrains.m
2026-02-02 10:08:29,652 - Knowledge - INFO - process ingested knowledge for /app/data/T0002/209001/b3686k5/wesnoth-209001/MacOSX/freetype-headers/freetype/config/ftstdlib.h
2026-02-02 10:08:30,478 - Knowledge - INFO - process ingested knowledge for /app/data/T0002/209001/b3686k5/wesnoth-209001/src/game_events.cpp
2026-02-02 10:08:30,605 - Knowledge - INFO - [WEBSOCKET] Sent: Type=progress_update, Size: 292, Duration: 0ms
2026-02-02 10:08:30,728 - Knowledge - INFO - [WEBSOCKET] Sent: Type=unknown, Size: ?, Duration: 122ms
2026-02-02 10:08:30,769 - Knowledge - INFO - Progress: 64.8% | Files: 307/474 | Rate: 0.68 files/sec | Queue: 117
2026-02-02 10:08:30,904 - Knowledge - INFO - Processing batch of 6 files
2026-02-02 10:08:30,964 - Knowledge - INFO - process ingested knowledge for /app/data/T0002/209001/b3686k5/wesnoth-209001/src/editor/editor_palettes.hpp
2026-02-02 10:08:31,233 - Knowledge - INFO - [LLM_CALL] Completed: ftmemory.h:chunk1, Duration: 72675ms, PromptTokens: 6882, CompletionTokens: 420, Cost: $0.00086
2026-02-02 10:08:31,234 - Knowledge - INFO - done ingest for /app/data/T0002/209001/b3686k5/wesnoth-209001/MacOSX/freetype-headers/freetype/internal/ftmemory.h
2026-02-02 10:08:31,273 - Knowledge - INFO - process ingested knowledge for /app/data/T0002/209001/b3686k5/wesnoth-209001/MacOSX/freetype-headers/freetype/config/ftconfig.h
2026-02-02 10:08:32,998 - Knowledge - INFO - [LLM_CALL] Completed: ftcalc.h:chunk1, Duration: 57075ms, PromptTokens: 2536, CompletionTokens: 313, Cost: $0.00038
2026-02-02 10:08:33,023 - Knowledge - INFO - done ingest for /app/data/T0002/209001/b3686k5/wesnoth-209001/MacOSX/freetype-headers/freetype/internal/ftcalc.h
2026-02-02 10:08:33,341 - Knowledge - INFO - [kw9] Queue=117, InProgress=0, PendingWorkers=20/20, Completed=310/474 (65.4%)
2026-02-02 10:08:33,354 - Knowledge - INFO - Batch sizing: calculated=5, max_allowed=10, queue=117, active_workers=20/20
2026-02-02 10:08:33,366 - Knowledge - INFO - process ingested knowledge for /app/data/T0002/209001/b3686k5/wesnoth-209001/MacOSX/freetype-headers/freetype/config/ftmodule.h
2026-02-02 10:08:33,404 - Knowledge - INFO - [kw15] Queue=117, InProgress=0, PendingWorkers=20/20, Completed=311/474 (65.6%)
2026-02-02 10:08:33,424 - Knowledge - INFO - process ingested knowledge for /app/data/T0002/209001/b3686k5/wesnoth-209001/src/pathfind.cpp
2026-02-02 10:08:33,424 - Knowledge - INFO - Batch sizing: calculated=5, max_allowed=10, queue=117, active_workers=20/20
2026-02-02 10:08:33,764 - Knowledge - INFO - [LLM_CALL] Completed: ftlist.h:chunk1, Duration: 124973ms, PromptTokens: 4722, CompletionTokens: 500, Cost: $0.00067
2026-02-02 10:08:33,764 - Knowledge - INFO - done ingest for /app/data/T0002/209001/b3686k5/wesnoth-209001/MacOSX/freetype-headers/freetype/ftlist.h
2026-02-02 10:08:34,195 - Knowledge - INFO - [LLM_CALL] Completed: autohint.h:chunk1, Duration: 77922ms, PromptTokens: 4332, CompletionTokens: 386, Cost: $0.00059
2026-02-02 10:08:34,195 - Knowledge - INFO - done ingest for /app/data/T0002/209001/b3686k5/wesnoth-209001/MacOSX/freetype-headers/freetype/internal/autohint.h
2026-02-02 10:08:34,588 - Knowledge - INFO - process ingested knowledge for /app/data/T0002/209001/b3686k5/wesnoth-209001/src/editor/editor_palettes.cpp
2026-02-02 10:08:34,722 - Knowledge - INFO - process ingested knowledge for /app/data/T0002/209001/b3686k5/wesnoth-209001/MacOSX/freetype-headers/freetype/config/ftoption.h
2026-02-02 10:08:35,125 - Knowledge - INFO - Processing batch of 5 files
2026-02-02 10:08:35,177 - Knowledge - INFO - process ingested knowledge for /app/data/T0002/209001/b3686k5/wesnoth-209001/MacOSX/freetype-headers/freetype/ftsystem.h
2026-02-02 10:08:36,625 - Knowledge - INFO - Async storing batch of 5 embeddings
2026-02-02 10:08:36,626 - Knowledge - INFO - Worker kw9 processing /app/data/T0002/209001/b3686k5/wesnoth-209001/MacOSX/Wesnoth Scenario Editor/WNMapView.h
2026-02-02 10:08:36,635 - Knowledge - INFO - process ingested knowledge for /app/data/T0002/209001/b3686k5/wesnoth-209001/src/editor/editor_layout.cpp
2026-02-02 10:08:36,727 - Knowledge - INFO - Fast-tracked /app/data/T0002/209001/b3686k5/wesnoth-209001/MacOSX/Wesnoth Scenario Editor/WNMapView.h (ext=.h, size=1123)
2026-02-02 10:08:36,775 - Knowledge - INFO - Worker kw9 processing /app/data/T0002/209001/b3686k5/wesnoth-209001/MacOSX/Wesnoth Scenario Editor/WNUtils.h
2026-02-02 10:08:36,846 - Knowledge - INFO - Processing batch of 5 files
2026-02-02 10:08:36,861 - Knowledge - INFO - process ingested knowledge for /app/data/T0002/209001/b3686k5/wesnoth-209001/MacOSX/Wesnoth Scenario Editor/WNScenario.m
2026-02-02 10:08:36,960 - Knowledge - INFO - Fast-tracked /app/data/T0002/209001/b3686k5/wesnoth-209001/MacOSX/Wesnoth Scenario Editor/WNUtils.h (ext=.h, size=352)
2026-02-02 10:08:36,964 - Knowledge - INFO - Worker kw9 processing /app/data/T0002/209001/b3686k5/wesnoth-209001/MacOSX/Wesnoth Scenario Editor/WNVictoryList.m
2026-02-02 10:08:37,081 - Knowledge - INFO - Fast-tracked /app/data/T0002/209001/b3686k5/wesnoth-209001/MacOSX/Wesnoth Scenario Editor/WNVictoryList.m (ext=.m, size=785)
2026-02-02 10:08:37,097 - Knowledge - INFO - Worker kw9 processing /app/data/T0002/209001/b3686k5/wesnoth-209001/MacOSX/Wesnoth Scenario Editor/HexUtils.h
2026-02-02 10:08:37,181 - Knowledge - INFO - Fast-tracked /app/data/T0002/209001/b3686k5/wesnoth-209001/MacOSX/Wesnoth Scenario Editor/HexUtils.h (ext=.h, size=472)
2026-02-02 10:08:37,182 - Knowledge - INFO - Worker kw9 processing /app/data/T0002/209001/b3686k5/wesnoth-209001/MacOSX/Wesnoth Scenario Editor/WNSideList.h
2026-02-02 10:08:37,256 - Knowledge - INFO - [LLM_CALL] Completed: tttypes.h:chunk1, Duration: 60678ms, PromptTokens: 9712, CompletionTokens: 322, Cost: $0.00110
2026-02-02 10:08:37,329 - Knowledge - INFO - Fast-tracked /app/data/T0002/209001/b3686k5/wesnoth-209001/MacOSX/Wesnoth Scenario Editor/WNSideList.h (ext=.h, size=399)
2026-02-02 10:08:37,406 - Knowledge - INFO - Async storage completed for 5 embeddings
2026-02-02 10:08:37,441 - Knowledge - INFO - Async storing batch of 6 embeddings
2026-02-02 10:08:37,498 - Knowledge - INFO - Worker kw15 processing /app/data/T0002/209001/b3686k5/wesnoth-209001/MacOSX/Wesnoth Scenario Editor/WNTerrainList.h
2026-02-02 10:08:37,628 - Knowledge - INFO - Fast-tracked /app/data/T0002/209001/b3686k5/wesnoth-209001/MacOSX/Wesnoth Scenario Editor/WNTerrainList.h (ext=.h, size=280)
2026-02-02 10:08:37,675 - Knowledge - INFO - Worker kw15 processing /app/data/T0002/209001/b3686k5/wesnoth-209001/MacOSX/Wesnoth Scenario Editor/WNFileLocations.m
2026-02-02 10:08:37,877 - Knowledge - INFO - Worker kw15 processing /app/data/T0002/209001/b3686k5/wesnoth-209001/MacOSX/Wesnoth Scenario Editor/WNEventLookup.m
2026-02-02 10:08:37,934 - Knowledge - INFO - Fast-tracked /app/data/T0002/209001/b3686k5/wesnoth-209001/MacOSX/Wesnoth Scenario Editor/WNEventLookup.m (ext=.m, size=1616)
2026-02-02 10:08:37,979 - Knowledge - INFO - Worker kw15 processing /app/data/T0002/209001/b3686k5/wesnoth-209001/MacOSX/Wesnoth Scenario Editor/WNUnitList.m
2026-02-02 10:08:38,061 - Knowledge - INFO - Fast-tracked /app/data/T0002/209001/b3686k5/wesnoth-209001/MacOSX/Wesnoth Scenario Editor/WNUnitList.m (ext=.m, size=892)
2026-02-02 10:08:38,134 - Knowledge - INFO - Worker kw15 processing /app/data/T0002/209001/b3686k5/wesnoth-209001/MacOSX/Wesnoth Scenario Editor/WMLTag.h
2026-02-02 10:08:38,232 - Knowledge - INFO - Fast-tracked /app/data/T0002/209001/b3686k5/wesnoth-209001/MacOSX/Wesnoth Scenario Editor/WMLTag.h (ext=.h, size=749)
2026-02-02 10:08:38,280 - Knowledge - INFO - [LLM_CALL] Completed: ftsnames.h:chunk1, Duration: 45747ms, PromptTokens: 3526, CompletionTokens: 317, Cost: $0.00048
2026-02-02 10:08:38,300 - Knowledge - INFO - done ingest for /app/data/T0002/209001/b3686k5/wesnoth-209001/MacOSX/freetype-headers/freetype/ftsnames.h
2026-02-02 10:08:38,538 - Knowledge - INFO - Async storage completed for 6 embeddings
2026-02-02 10:08:39,810 - Knowledge - INFO - process ingested knowledge for /app/data/T0002/209001/b3686k5/wesnoth-209001/src/editor/editor.hpp
2026-02-02 10:08:39,844 - Knowledge - INFO - process ingested knowledge for /app/data/T0002/209001/b3686k5/wesnoth-209001/MacOSX/freetype-headers/freetype/fttypes.h
2026-02-02 10:08:40,046 - Knowledge - INFO - [LLM_CALL] Completed: ftglyph.h:chunk1, Duration: 132501ms, PromptTokens: 10732, CompletionTokens: 701, Cost: $0.00135
2026-02-02 10:08:40,052 - Knowledge - INFO - done ingest for /app/data/T0002/209001/b3686k5/wesnoth-209001/MacOSX/freetype-headers/freetype/ftglyph.h
2026-02-02 10:08:43,045 - Knowledge - INFO - [LLM_CALL] Completed: sfnt.h:chunk1, Duration: 85418ms, PromptTokens: 9940, CompletionTokens: 390, Cost: $0.00115
2026-02-02 10:08:43,056 - Knowledge - INFO - done ingest for /app/data/T0002/209001/b3686k5/wesnoth-209001/MacOSX/freetype-headers/freetype/internal/sfnt.h
2026-02-02 10:08:44,343 - Knowledge - INFO - process ingested knowledge for /app/data/T0002/209001/b3686k5/wesnoth-209001/MacOSX/Wesnoth Scenario Editor/WNUnitMapView.h
2026-02-02 10:08:44,376 - Knowledge - INFO - process ingested knowledge for /app/data/T0002/209001/b3686k5/wesnoth-209001/MacOSX/freetype-headers/freetype/ftlzw.h
2026-02-02 10:08:44,428 - Knowledge - INFO - [WEBSOCKET] Sent: Type=progress_update, Size: 292, Duration: 0ms
2026-02-02 10:08:44,676 - Knowledge - INFO - Processing batch of 5 files
2026-02-02 10:08:44,690 - Knowledge - INFO - process ingested knowledge for /app/data/T0002/209001/b3686k5/wesnoth-209001/MacOSX/Wesnoth Scenario Editor/WNDefeatList.h
2026-02-02 10:08:44,723 - Knowledge - INFO - [WEBSOCKET] Sent: Type=unknown, Size: ?, Duration: 294ms
2026-02-02 10:08:44,853 - Knowledge - INFO - Progress: 67.5% | Files: 323/474 | Rate: 0.70 files/sec | Queue: 107
2026-02-02 10:08:45,071 - Knowledge - INFO - Processing batch of 5 files
2026-02-02 10:08:45,071 - Knowledge - INFO - process ingested knowledge for /app/data/T0002/209001/b3686k5/wesnoth-209001/MacOSX/freetype-headers/freetype/ftsysmem.h
2026-02-02 10:08:46,702 - Knowledge - INFO - process ingested knowledge for /app/data/T0002/209001/b3686k5/wesnoth-209001/src/editor/editor_undo.cpp
2026-02-02 10:08:46,744 - Knowledge - INFO - process ingested knowledge for /app/data/T0002/209001/b3686k5/wesnoth-209001/MacOSX/Wesnoth Scenario Editor/WNLeaderListView.m
2026-02-02 10:08:46,758 - Knowledge - INFO - process ingested knowledge for /app/data/T0002/209001/b3686k5/wesnoth-209001/MacOSX/freetype-headers/freetype/fterrors.h
2026-02-02 10:08:46,771 - Knowledge - INFO - [kw13] Queue=107, InProgress=0, PendingWorkers=20/20, Completed=323/474 (68.1%)
2026-02-02 10:08:46,843 - Knowledge - INFO - process ingested knowledge for /app/data/T0002/209001/b3686k5/wesnoth-209001/MacOSX/freetype-headers/freetype/ftsizes.h
2026-02-02 10:08:46,844 - Knowledge - INFO - Batch sizing: calculated=5, max_allowed=10, queue=107, active_workers=20/20
2026-02-02 10:08:47,536 - Knowledge - INFO - [LLM_CALL] Completed: ftgloadr.h:chunk1, Duration: 72394ms, PromptTokens: 2962, CompletionTokens: 674, Cost: $0.00057
2026-02-02 10:08:47,591 - Knowledge - INFO - done ingest for /app/data/T0002/209001/b3686k5/wesnoth-209001/MacOSX/freetype-headers/freetype/internal/ftgloadr.h
2026-02-02 10:08:48,215 - Knowledge - INFO - process ingested knowledge for /app/data/T0002/209001/b3686k5/wesnoth-209001/src/editor/map_manip.cpp
2026-02-02 10:08:48,902 - Knowledge - INFO - process ingested knowledge for /app/data/T0002/209001/b3686k5/wesnoth-209001/MacOSX/Wesnoth Scenario Editor/WNEventEditor.h
2026-02-02 10:08:48,929 - Knowledge - INFO - process ingested knowledge for /app/data/T0002/209001/b3686k5/wesnoth-209001/MacOSX/freetype-headers/freetype/internal/ftserv.h
2026-02-02 10:08:48,972 - Knowledge - INFO - process ingested knowledge for /app/data/T0002/209001/b3686k5/wesnoth-209001/MacOSX/freetype-headers/freetype/ftmac.h
2026-02-02 10:08:48,997 - Knowledge - INFO - Async storing batch of 5 embeddings
2026-02-02 10:08:48,997 - Knowledge - INFO - Worker kw13 processing /app/data/T0002/209001/b3686k5/wesnoth-209001/MacOSX/Wesnoth Scenario Editor/SelectionUtils.m
2026-02-02 10:08:49,008 - Knowledge - INFO - Fast-tracked /app/data/T0002/209001/b3686k5/wesnoth-209001/MacOSX/Wesnoth Scenario Editor/SelectionUtils.m (ext=.m, size=993)
2026-02-02 10:08:49,009 - Knowledge - INFO - Worker kw13 processing /app/data/T0002/209001/b3686k5/wesnoth-209001/MacOSX/Wesnoth Scenario Editor/WNPreferences.m
2026-02-02 10:08:49,028 - Knowledge - INFO - process ingested knowledge for /app/data/T0002/209001/b3686k5/wesnoth-209001/MacOSX/Wesnoth Scenario Editor/WNTerrains.m
2026-02-02 10:08:49,065 - Knowledge - INFO - Worker kw13 processing /app/data/T0002/209001/b3686k5/wesnoth-209001/MacOSX/Wesnoth Scenario Editor/WNMainTabViewDelegate.m
2026-02-02 10:08:49,162 - Knowledge - INFO - process ingested knowledge for /app/data/T0002/209001/b3686k5/wesnoth-209001/MacOSX/Wesnoth Scenario Editor/WNCharacterList.h
2026-02-02 10:08:49,168 - Knowledge - INFO - Fast-tracked /app/data/T0002/209001/b3686k5/wesnoth-209001/MacOSX/Wesnoth Scenario Editor/WNMainTabViewDelegate.m (ext=.m, size=513)
2026-02-02 10:08:49,177 - Knowledge - INFO - Worker kw13 processing /app/data/T0002/209001/b3686k5/wesnoth-209001/MacOSX/Wesnoth Scenario Editor/WMLScenario.h
2026-02-02 10:08:49,246 - Knowledge - INFO - Fast-tracked /app/data/T0002/209001/b3686k5/wesnoth-209001/MacOSX/Wesnoth Scenario Editor/WMLScenario.h (ext=.h, size=1912)
2026-02-02 10:08:49,246 - Knowledge - INFO - Worker kw13 processing /app/data/T0002/209001/b3686k5/wesnoth-209001/MacOSX/Wesnoth Scenario Editor/WNLoadSave.h
2026-02-02 10:08:49,292 - Knowledge - INFO - Fast-tracked /app/data/T0002/209001/b3686k5/wesnoth-209001/MacOSX/Wesnoth Scenario Editor/WNLoadSave.h (ext=.h, size=424)
2026-02-02 10:08:49,649 - Knowledge - INFO - Async storage completed for 5 embeddings
2026-02-02 10:08:50,127 - Knowledge - INFO - [LLM_CALL] Completed: WNCharacterEditor.m:chunk1, Duration: 32684ms, PromptTokens: 2760, CompletionTokens: 1237, Cost: $0.00077
2026-02-02 10:08:50,164 - Knowledge - INFO - done ingest for /app/data/T0002/209001/b3686k5/wesnoth-209001/MacOSX/Wesnoth Scenario Editor/WNCharacterEditor.m
2026-02-02 10:08:50,253 - Knowledge - WARNING - Timeout processing /app/data/T0002/209001/b3686k5/wesnoth-209001/MacOSX/freetype-headers/freetype/ttnameid.h after 90s - using fallback metadata
2026-02-02 10:08:50,840 - Knowledge - INFO - process ingested knowledge for /app/data/T0002/209001/b3686k5/wesnoth-209001/MacOSX/Wesnoth Scenario Editor/WMLEvent.h
2026-02-02 10:08:51,419 - Knowledge - INFO - process ingested knowledge for /app/data/T0002/209001/b3686k5/wesnoth-209001/MacOSX/freetype-headers/freetype/tttables.h
2026-02-02 10:08:51,482 - Knowledge - INFO - [kw10] Queue=102, InProgress=0, PendingWorkers=20/20, Completed=326/474 (68.8%)
2026-02-02 10:08:51,501 - Knowledge - INFO - Batch sizing: calculated=5, max_allowed=10, queue=102, active_workers=20/20
2026-02-02 10:08:51,823 - Knowledge - INFO - Processing batch of 5 files
2026-02-02 10:08:51,824 - Knowledge - INFO - process ingested knowledge for /app/data/T0002/209001/b3686k5/wesnoth-209001/MacOSX/Wesnoth Scenario Editor/WNMapView.h
2026-02-02 10:08:53,245 - Knowledge - INFO - [LLM_CALL] Completed: tttags.h:chunk1, Duration: 68409ms, PromptTokens: 3230, CompletionTokens: 428, Cost: $0.00049
2026-02-02 10:08:53,285 - Knowledge - INFO - done ingest for /app/data/T0002/209001/b3686k5/wesnoth-209001/MacOSX/freetype-headers/freetype/tttags.h
2026-02-02 10:08:55,505 - Knowledge - INFO - [LLM_CALL] Completed: ftimage.h:chunk2, Duration: 28440ms, PromptTokens: 10954, CompletionTokens: 556, Cost: $0.00132
2026-02-02 10:08:55,667 - Knowledge - INFO - [LLM_CALL] Completed: psaux.h:chunk1, Duration: 78789ms, PromptTokens: 11408, CompletionTokens: 1000, Cost: $0.00154
2026-02-02 10:08:55,697 - Knowledge - INFO - done ingest for /app/data/T0002/209001/b3686k5/wesnoth-209001/MacOSX/freetype-headers/freetype/internal/psaux.h
2026-02-02 10:08:55,868 - Knowledge - INFO - process ingested knowledge for /app/data/T0002/209001/b3686k5/wesnoth-209001/MacOSX/freetype-headers/freetype/ftmoderr.h
2026-02-02 10:08:55,962 - Knowledge - INFO - [kw4] Queue=102, InProgress=0, PendingWorkers=20/20, Completed=328/474 (69.2%)
2026-02-02 10:08:55,991 - Knowledge - INFO - Batch sizing: calculated=5, max_allowed=10, queue=102, active_workers=20/20
2026-02-02 10:08:56,009 - Knowledge - INFO - process ingested knowledge for /app/data/T0002/209001/b3686k5/wesnoth-209001/MacOSX/Wesnoth Scenario Editor/WNEventDataSource.h
2026-02-02 10:08:56,455 - Knowledge - INFO - process ingested knowledge for /app/data/T0002/209001/b3686k5/wesnoth-209001/MacOSX/Wesnoth Scenario Editor/WNUtils.h
2026-02-02 10:08:58,782 - Knowledge - INFO - Async storing batch of 5 embeddings
2026-02-02 10:08:58,783 - Knowledge - INFO - Worker kw10 processing /app/data/T0002/209001/b3686k5/wesnoth-209001/MacOSX/Wesnoth Scenario Editor/WNEventMapView.h
2026-02-02 10:08:58,805 - Knowledge - INFO - Fast-tracked /app/data/T0002/209001/b3686k5/wesnoth-209001/MacOSX/Wesnoth Scenario Editor/WNEventMapView.h (ext=.h, size=305)
2026-02-02 10:08:58,833 - Knowledge - INFO - process ingested knowledge for /app/data/T0002/209001/b3686k5/wesnoth-209001/MacOSX/Wesnoth Scenario Editor/WNCharacterListView.m
2026-02-02 10:08:58,852 - Knowledge - INFO - [WEBSOCKET] Sent: Type=progress_update, Size: 290, Duration: 0ms
2026-02-02 10:08:58,884 - Knowledge - INFO - process ingested knowledge for /app/data/T0002/209001/b3686k5/wesnoth-209001/MacOSX/Wesnoth Scenario Editor/WNVictoryList.m
2026-02-02 10:08:58,922 - Knowledge - INFO - [kw2] Queue=97, InProgress=0, PendingWorkers=20/20, Completed=330/474 (69.6%)
2026-02-02 10:08:58,932 - Knowledge - INFO - Worker kw10 processing /app/data/T0002/209001/b3686k5/wesnoth-209001/MacOSX/Wesnoth Scenario Editor/WNCustomDialogView.m
2026-02-02 10:08:59,133 - Knowledge - INFO - Batch sizing: calculated=4, max_allowed=10, queue=97, active_workers=20/20
2026-02-02 10:08:59,133 - Knowledge - INFO - [LLM_CALL] Completed: WNCharacters.m:chunk1, Duration: 66694ms, PromptTokens: 4894, CompletionTokens: 1084, Cost: $0.00092
2026-02-02 10:08:59,301 - Knowledge - INFO - done ingest for /app/data/T0002/209001/b3686k5/wesnoth-209001/MacOSX/Wesnoth Scenario Editor/WNCharacters.m
2026-02-02 10:08:59,327 - Knowledge - INFO - Fast-tracked /app/data/T0002/209001/b3686k5/wesnoth-209001/MacOSX/Wesnoth Scenario Editor/WNCustomDialogView.m (ext=.m, size=1788)
2026-02-02 10:08:59,359 - Knowledge - INFO - [WEBSOCKET] Sent: Type=unknown, Size: ?, Duration: 507ms
2026-02-02 10:08:59,366 - Knowledge - INFO - Worker kw10 processing /app/data/T0002/209001/b3686k5/wesnoth-209001/MacOSX/Wesnoth Scenario Editor/WNMapTabViewDelegate.h
2026-02-02 10:08:59,434 - Knowledge - INFO - Progress: 69.6% | Files: 330/474 | Rate: 0.69 files/sec | Queue: 97
2026-02-02 10:08:59,450 - Knowledge - INFO - [LLM_CALL] Completed: WNFileLocations.m:chunk1, Duration: 21100ms, PromptTokens: 2500, CompletionTokens: 674, Cost: $0.00052
2026-02-02 10:08:59,527 - Knowledge - INFO - Fast-tracked /app/data/T0002/209001/b3686k5/wesnoth-209001/MacOSX/Wesnoth Scenario Editor/WNMapTabViewDelegate.h (ext=.h, size=243)
2026-02-02 10:08:59,672 - Knowledge - INFO - done ingest for /app/data/T0002/209001/b3686k5/wesnoth-209001/MacOSX/Wesnoth Scenario Editor/WNFileLocations.m
2026-02-02 10:08:59,724 - Knowledge - INFO - Worker kw10 processing /app/data/T0002/209001/b3686k5/wesnoth-209001/MacOSX/Wesnoth Scenario Editor/changelog.txt
2026-02-02 10:08:59,874 - Knowledge - INFO - Fast-tracked /app/data/T0002/209001/b3686k5/wesnoth-209001/MacOSX/Wesnoth Scenario Editor/changelog.txt (ext=.txt, size=1193)
2026-02-02 10:08:59,874 - Knowledge - INFO - Worker kw10 processing /app/data/T0002/209001/b3686k5/wesnoth-209001/MacOSX/Wesnoth Scenario Editor/WMLCampaign.h
2026-02-02 10:08:59,936 - Knowledge - INFO - Fast-tracked /app/data/T0002/209001/b3686k5/wesnoth-209001/MacOSX/Wesnoth Scenario Editor/WMLCampaign.h (ext=.h, size=1669)
2026-02-02 10:09:00,010 - Knowledge - INFO - Async storage completed for 5 embeddings
2026-02-02 10:09:01,233 - Knowledge - INFO - Async storing batch of 6 embeddings
2026-02-02 10:09:01,302 - Knowledge - INFO - Worker kw4 processing /app/data/T0002/209001/b3686k5/wesnoth-209001/MacOSX/Wesnoth Scenario Editor/WMLSideDetail.h
2026-02-02 10:09:01,346 - Knowledge - INFO - Fast-tracked /app/data/T0002/209001/b3686k5/wesnoth-209001/MacOSX/Wesnoth Scenario Editor/WMLSideDetail.h (ext=.h, size=1583)
2026-02-02 10:09:01,355 - Knowledge - INFO - Worker kw4 processing /app/data/T0002/209001/b3686k5/wesnoth-209001/MacOSX/Wesnoth Scenario Editor/WNUnits.h
2026-02-02 10:09:01,373 - Knowledge - INFO - Fast-tracked /app/data/T0002/209001/b3686k5/wesnoth-209001/MacOSX/Wesnoth Scenario Editor/WNUnits.h (ext=.h, size=703)
2026-02-02 10:09:01,385 - Knowledge - INFO - Worker kw4 processing /app/data/T0002/209001/b3686k5/wesnoth-209001/MacOSX/Wesnoth Scenario Editor/WNTerrainMapView.m
2026-02-02 10:09:01,457 - Knowledge - INFO - Fast-tracked /app/data/T0002/209001/b3686k5/wesnoth-209001/MacOSX/Wesnoth Scenario Editor/WNTerrainMapView.m (ext=.m, size=112)
2026-02-02 10:09:01,464 - Knowledge - INFO - Worker kw4 processing /app/data/T0002/209001/b3686k5/wesnoth-209001/MacOSX/Wesnoth Scenario Editor/WNTeamList.h
2026-02-02 10:09:01,490 - Knowledge - INFO - Fast-tracked /app/data/T0002/209001/b3686k5/wesnoth-209001/MacOSX/Wesnoth Scenario Editor/WNTeamList.h (ext=.h, size=261)
2026-02-02 10:09:01,495 - Knowledge - INFO - Worker kw4 processing /app/data/T0002/209001/b3686k5/wesnoth-209001/MacOSX/Wesnoth Scenario Editor/WMLMapPoint.h
2026-02-02 10:09:01,527 - Knowledge - INFO - Fast-tracked /app/data/T0002/209001/b3686k5/wesnoth-209001/MacOSX/Wesnoth Scenario Editor/WMLMapPoint.h (ext=.h, size=1585)
2026-02-02 10:09:01,553 - Knowledge - INFO - Async storage completed for 6 embeddings
2026-02-02 10:09:02,866 - Knowledge - INFO - [LLM_CALL] Completed: fttrigon.h:chunk1, Duration: 76974ms, PromptTokens: 5208, CompletionTokens: 537, Cost: $0.00074
2026-02-02 10:09:02,866 - Knowledge - INFO - done ingest for /app/data/T0002/209001/b3686k5/wesnoth-209001/MacOSX/freetype-headers/freetype/fttrigon.h
2026-02-02 10:09:02,997 - Knowledge - INFO - Async storing batch of 6 embeddings
2026-02-02 10:09:03,060 - Knowledge - INFO - [kw17] Queue=88, InProgress=0, PendingWorkers=20/20, Completed=332/474 (70.0%)
2026-02-02 10:09:03,071 - Knowledge - INFO - Batch sizing: calculated=4, max_allowed=10, queue=88, active_workers=20/20
2026-02-02 10:09:03,110 - Knowledge - INFO - Worker kw2 processing /app/data/T0002/209001/b3686k5/wesnoth-209001/MacOSX/Wesnoth Scenario Editor/WNTerrainList.m
2026-02-02 10:09:03,158 - Knowledge - INFO - Fast-tracked /app/data/T0002/209001/b3686k5/wesnoth-209001/MacOSX/Wesnoth Scenario Editor/WNTerrainList.m (ext=.m, size=996)
2026-02-02 10:09:03,248 - Knowledge - INFO - Worker kw2 processing /app/data/T0002/209001/b3686k5/wesnoth-209001/MacOSX/Wesnoth Scenario Editor/WNCustomDialogView.h
2026-02-02 10:09:03,300 - Knowledge - INFO - Fast-tracked /app/data/T0002/209001/b3686k5/wesnoth-209001/MacOSX/Wesnoth Scenario Editor/WNCustomDialogView.h (ext=.h, size=245)
2026-02-02 10:09:03,369 - Knowledge - INFO - Worker kw2 processing /app/data/T0002/209001/b3686k5/wesnoth-209001/MacOSX/Wesnoth Scenario Editor/WNUtils.m
2026-02-02 10:09:03,415 - Knowledge - INFO - Fast-tracked /app/data/T0002/209001/b3686k5/wesnoth-209001/MacOSX/Wesnoth Scenario Editor/WNUtils.m (ext=.m, size=842)
2026-02-02 10:09:03,420 - Knowledge - INFO - Worker kw2 processing /app/data/T0002/209001/b3686k5/wesnoth-209001/MacOSX/Wesnoth Scenario Editor/HexUtils.m
2026-02-02 10:09:03,580 - Knowledge - INFO - Fast-tracked /app/data/T0002/209001/b3686k5/wesnoth-209001/MacOSX/Wesnoth Scenario Editor/HexUtils.m (small file (2907 bytes))
2026-02-02 10:09:03,662 - Knowledge - INFO - Async storage completed for 6 embeddings
2026-02-02 10:09:06,246 - Knowledge - INFO - [LLM_CALL] Completed: WNCampaign.m:chunk1, Duration: 73424ms, PromptTokens: 11766, CompletionTokens: 1394, Cost: $0.00173
2026-02-02 10:09:06,246 - Knowledge - INFO - done ingest for /app/data/T0002/209001/b3686k5/wesnoth-209001/MacOSX/Wesnoth Scenario Editor/WNCampaign.m
2026-02-02 10:09:06,609 - Knowledge - INFO - [LLM_CALL] Completed: tttypes.h:chunk2, Duration: 29253ms, PromptTokens: 10390, CompletionTokens: 322, Cost: $0.00117
2026-02-02 10:09:06,615 - Knowledge - INFO - process ingested knowledge for /app/data/T0002/209001/b3686k5/wesnoth-209001/MacOSX/Wesnoth Scenario Editor/HexUtils.h
2026-02-02 10:09:06,654 - Knowledge - INFO - Async storing batch of 6 embeddings
2026-02-02 10:09:06,682 - Knowledge - INFO - Worker kw17 processing /app/data/T0002/209001/b3686k5/wesnoth-209001/MacOSX/Wesnoth Scenario Editor/WNSideList.m
2026-02-02 10:09:06,729 - Knowledge - WARNING - Timeout processing /app/data/T0002/209001/b3686k5/wesnoth-209001/MacOSX/freetype-headers/freetype/internal/tttypes.h after 90s - using fallback metadata
2026-02-02 10:09:06,748 - Knowledge - INFO - Worker kw17 processing /app/data/T0002/209001/b3686k5/wesnoth-209001/MacOSX/Wesnoth Scenario Editor/WNScenarioDesignDelegate.m
2026-02-02 10:09:06,897 - Knowledge - INFO - [LLM_CALL] Completed: pshints.h:chunk1, Duration: 84109ms, PromptTokens: 12078, CompletionTokens: 809, Cost: $0.00153
2026-02-02 10:09:06,973 - Knowledge - INFO - done ingest for /app/data/T0002/209001/b3686k5/wesnoth-209001/MacOSX/freetype-headers/freetype/internal/pshints.h
2026-02-02 10:09:06,997 - Knowledge - INFO - Processing batch of 5 files
2026-02-02 10:09:06,998 - Knowledge - INFO - process ingested knowledge for /app/data/T0002/209001/b3686k5/wesnoth-209001/MacOSX/Wesnoth Scenario Editor/WNCharacterEditor.m
2026-02-02 10:09:07,023 - Knowledge - INFO - Fast-tracked /app/data/T0002/209001/b3686k5/wesnoth-209001/MacOSX/Wesnoth Scenario Editor/WNScenarioDesignDelegate.m (ext=.m, size=343)
2026-02-02 10:09:07,035 - Knowledge - INFO - Worker kw17 processing /app/data/T0002/209001/b3686k5/wesnoth-209001/MacOSX/Wesnoth Scenario Editor/WMLMap.m
2026-02-02 10:09:07,075 - Knowledge - INFO - Worker kw17 processing /app/data/T0002/209001/b3686k5/wesnoth-209001/MacOSX/Wesnoth Scenario Editor/WNTerrainMapView.h
2026-02-02 10:09:07,156 - Knowledge - INFO - Fast-tracked /app/data/T0002/209001/b3686k5/wesnoth-209001/MacOSX/Wesnoth Scenario Editor/WNTerrainMapView.h (ext=.h, size=131)
2026-02-02 10:09:07,222 - Knowledge - INFO - Fast-tracked /app/data/T0002/209001/b3686k5/wesnoth-209001/MacOSX/Wesnoth Scenario Editor/WNSideList.m (small file (2179 bytes))
2026-02-02 10:09:07,437 - Knowledge - INFO - Async storage completed for 6 embeddings
2026-02-02 10:09:07,536 - Knowledge - INFO - [WEBSOCKET] Sent: Type=progress_update, Size: 293, Duration: 0ms
2026-02-02 10:09:07,537 - Knowledge - INFO - [WEBSOCKET] Sent: Type=unknown, Size: ?, Duration: 1ms
2026-02-02 10:09:07,543 - Knowledge - INFO - Progress: 71.9% | Files: 341/474 | Rate: 0.70 files/sec | Queue: 84
2026-02-02 10:09:08,361 - Knowledge - INFO - process ingested knowledge for /app/data/T0002/209001/b3686k5/wesnoth-209001/MacOSX/Wesnoth Scenario Editor/WNSideList.h
2026-02-02 10:09:08,932 - Knowledge - INFO - [LLM_CALL] Completed: ftimage.h:chunk3, Duration: 13379ms, PromptTokens: 5810, CompletionTokens: 556, Cost: $0.00080
2026-02-02 10:09:08,933 - Knowledge - INFO - process ingested knowledge for /app/data/T0002/209001/b3686k5/wesnoth-209001/MacOSX/Wesnoth Scenario Editor/WNCampaignIconView.m
2026-02-02 10:09:08,949 - Knowledge - INFO - done ingest for /app/data/T0002/209001/b3686k5/wesnoth-209001/MacOSX/freetype-headers/freetype/ftimage.h
2026-02-02 10:09:08,950 - Knowledge - INFO - [kw18] Queue=84, InProgress=0, PendingWorkers=20/20, Completed=347/474 (73.2%)
2026-02-02 10:09:08,959 - Knowledge - INFO - [kw16] Queue=84, InProgress=0, PendingWorkers=20/20, Completed=349/474 (73.6%)
2026-02-02 10:09:08,972 - Knowledge - INFO - Batch sizing: calculated=4, max_allowed=10, queue=84, active_workers=20/20
2026-02-02 10:09:09,029 - Knowledge - INFO - Batch sizing: calculated=4, max_allowed=10, queue=84, active_workers=20/20
2026-02-02 10:09:09,053 - Knowledge - WARNING - Timeout processing /app/data/T0002/209001/b3686k5/wesnoth-209001/MacOSX/freetype-headers/freetype/internal/ftobjs.h after 90s - using fallback metadata
2026-02-02 10:09:10,073 - Knowledge - INFO - Async storing batch of 6 embeddings
2026-02-02 10:09:10,087 - Knowledge - INFO - Worker kw18 processing /app/data/T0002/209001/b3686k5/wesnoth-209001/MacOSX/Wesnoth Scenario Editor/WNUnitMapView.m
2026-02-02 10:09:10,114 - Knowledge - INFO - Async storing batch of 5 embeddings
2026-02-02 10:09:10,133 - Knowledge - INFO - Fast-tracked /app/data/T0002/209001/b3686k5/wesnoth-209001/MacOSX/Wesnoth Scenario Editor/WNUnitMapView.m (ext=.m, size=106)
2026-02-02 10:09:10,140 - Knowledge - INFO - Worker kw16 processing /app/data/T0002/209001/b3686k5/wesnoth-209001/MacOSX/Wesnoth Scenario Editor/WNRecruitListView.m
2026-02-02 10:09:10,165 - Knowledge - INFO - Worker kw18 processing /app/data/T0002/209001/b3686k5/wesnoth-209001/MacOSX/Wesnoth Scenario Editor/WNEventEditor.m
2026-02-02 10:09:10,233 - Knowledge - INFO - Processing batch of 5 files
2026-02-02 10:09:10,250 - Knowledge - INFO - Fast-tracked /app/data/T0002/209001/b3686k5/wesnoth-209001/MacOSX/Wesnoth Scenario Editor/WNRecruitListView.m (ext=.m, size=114)
2026-02-02 10:09:10,264 - Knowledge - INFO - Worker kw18 processing /app/data/T0002/209001/b3686k5/wesnoth-209001/MacOSX/Wesnoth Scenario Editor/WNCharacterList.m
2026-02-02 10:09:10,270 - Knowledge - INFO - process ingested knowledge for /app/data/T0002/209001/b3686k5/wesnoth-209001/MacOSX/Wesnoth Scenario Editor/WMLSideDetail.h
2026-02-02 10:09:10,283 - Knowledge - INFO - Worker kw16 processing /app/data/T0002/209001/b3686k5/wesnoth-209001/MacOSX/Wesnoth Scenario Editor/WMLScenarioDetails.m
2026-02-02 10:09:10,362 - Knowledge - INFO - Fast-tracked /app/data/T0002/209001/b3686k5/wesnoth-209001/MacOSX/Wesnoth Scenario Editor/WNCharacterList.m (ext=.m, size=1015)
2026-02-02 10:09:10,380 - Knowledge - INFO - Fast-tracked /app/data/T0002/209001/b3686k5/wesnoth-209001/MacOSX/Wesnoth Scenario Editor/WMLScenarioDetails.m (ext=.m, size=1415)
2026-02-02 10:09:10,384 - Knowledge - INFO - Worker kw18 processing /app/data/T0002/209001/b3686k5/wesnoth-209001/MacOSX/Wesnoth Scenario Editor/WNMapView.m
2026-02-02 10:09:10,398 - Knowledge - INFO - Worker kw16 processing /app/data/T0002/209001/b3686k5/wesnoth-209001/MacOSX/Wesnoth Scenario Editor/WNDefeatList.m
2026-02-02 10:09:10,400 - Knowledge - INFO - Fast-tracked /app/data/T0002/209001/b3686k5/wesnoth-209001/MacOSX/Wesnoth Scenario Editor/WNDefeatList.m (ext=.m, size=778)
2026-02-02 10:09:10,401 - Knowledge - INFO - Worker kw16 processing /app/data/T0002/209001/b3686k5/wesnoth-209001/MacOSX/Wesnoth Scenario Editor/WNMainTabViewDelegate.h
2026-02-02 10:09:10,426 - Knowledge - INFO - Fast-tracked /app/data/T0002/209001/b3686k5/wesnoth-209001/MacOSX/Wesnoth Scenario Editor/WNMainTabViewDelegate.h (ext=.h, size=196)
2026-02-02 10:09:10,433 - Knowledge - INFO - Async storage completed for 5 embeddings
2026-02-02 10:09:10,631 - Knowledge - INFO - Processing batch of 6 files
2026-02-02 10:09:10,631 - Knowledge - INFO - process ingested knowledge for /app/data/T0002/209001/b3686k5/wesnoth-209001/MacOSX/freetype-headers/freetype/cache/ftcmru.h
2026-02-02 10:09:10,658 - Knowledge - INFO - Processing batch of 5 files
2026-02-02 10:09:10,663 - Knowledge - INFO - process ingested knowledge for /app/data/T0002/209001/b3686k5/wesnoth-209001/MacOSX/Wesnoth Scenario Editor/WNTerrainList.h
2026-02-02 10:09:10,709 - Knowledge - INFO - Async storage completed for 6 embeddings
2026-02-02 10:09:10,889 - Knowledge - INFO - [WEBSOCKET] Sent: Type=progress_update, Size: 293, Duration: 0ms
2026-02-02 10:09:10,931 - Knowledge - INFO - Processing batch of 5 files
2026-02-02 10:09:10,932 - Knowledge - INFO - process ingested knowledge for /app/data/T0002/209001/b3686k5/wesnoth-209001/MacOSX/Wesnoth Scenario Editor/WNScenarioDesignDelegate.h
2026-02-02 10:09:10,940 - Knowledge - INFO - [WEBSOCKET] Sent: Type=unknown, Size: ?, Duration: 51ms
2026-02-02 10:09:10,961 - Knowledge - INFO - process ingested knowledge for /app/data/T0002/209001/b3686k5/wesnoth-209001/MacOSX/Wesnoth Scenario Editor/WNTerrainView.m
2026-02-02 10:09:10,989 - Knowledge - INFO - Progress: 76.4% | Files: 364/474 | Rate: 0.74 files/sec | Queue: 76
2026-02-02 10:09:10,995 - Knowledge - INFO - [LLM_CALL] Completed: WNPreferences.m:chunk1, Duration: 21533ms, PromptTokens: 2614, CompletionTokens: 990, Cost: $0.00066
2026-02-02 10:09:11,046 - Knowledge - INFO - done ingest for /app/data/T0002/209001/b3686k5/wesnoth-209001/MacOSX/Wesnoth Scenario Editor/WNPreferences.m
2026-02-02 10:09:11,271 - Knowledge - INFO - process ingested knowledge for /app/data/T0002/209001/b3686k5/wesnoth-209001/MacOSX/freetype-headers/freetype/ftcache.h
2026-02-02 10:09:11,272 - Knowledge - INFO - process ingested knowledge for /app/data/T0002/209001/b3686k5/wesnoth-209001/MacOSX/Wesnoth Scenario Editor/WNFileLocations.m
2026-02-02 10:09:11,277 - Knowledge - INFO - [kw19] Queue=76, InProgress=0, PendingWorkers=20/20, Completed=369/474 (77.8%)
2026-02-02 10:09:11,293 - Knowledge - INFO - Batch sizing: calculated=4, max_allowed=10, queue=76, active_workers=20/20
2026-02-02 10:09:11,298 - Knowledge - INFO - process ingested knowledge for /app/data/T0002/209001/b3686k5/wesnoth-209001/MacOSX/Wesnoth Scenario Editor/WMLMap.h
2026-02-02 10:09:11,322 - Knowledge - INFO - process ingested knowledge for /app/data/T0002/209001/b3686k5/wesnoth-209001/MacOSX/Wesnoth Scenario Editor/WNCharacters.m
2026-02-02 10:09:11,358 - Knowledge - INFO - Processing batch of 5 files
2026-02-02 10:09:11,369 - Knowledge - INFO - process ingested knowledge for /app/data/T0002/209001/b3686k5/wesnoth-209001/MacOSX/Wesnoth Scenario Editor/WNUnits.h
2026-02-02 10:09:11,400 - Knowledge - INFO - process ingested knowledge for /app/data/T0002/209001/b3686k5/wesnoth-209001/MacOSX/Wesnoth Scenario Editor/WNEventMapView.h
2026-02-02 10:09:11,475 - Knowledge - INFO - Processing batch of 4 files
2026-02-02 10:09:11,483 - Knowledge - INFO - process ingested knowledge for /app/data/T0002/209001/b3686k5/wesnoth-209001/MacOSX/Wesnoth Scenario Editor/WNRecruitListView.m
2026-02-02 10:09:11,730 - Knowledge - INFO - process ingested knowledge for /app/data/T0002/209001/b3686k5/wesnoth-209001/MacOSX/freetype-headers/freetype/ftglyph.h
2026-02-02 10:09:11,745 - Knowledge - INFO - process ingested knowledge for /app/data/T0002/209001/b3686k5/wesnoth-209001/MacOSX/Wesnoth Scenario Editor/WNEventLookup.m
2026-02-02 10:09:11,752 - Knowledge - INFO - [kw12] Queue=76, InProgress=0, PendingWorkers=20/20, Completed=375/474 (79.1%)
2026-02-02 10:09:11,762 - Knowledge - INFO - Batch sizing: calculated=4, max_allowed=10, queue=76, active_workers=20/20
2026-02-02 10:09:12,026 - Knowledge - INFO - process ingested knowledge for /app/data/T0002/209001/b3686k5/wesnoth-209001/MacOSX/Wesnoth Scenario Editor/Wesnoth_Scenario_Editor_Prefix.h
2026-02-02 10:09:12,033 - Knowledge - INFO - process ingested knowledge for /app/data/T0002/209001/b3686k5/wesnoth-209001/MacOSX/Wesnoth Scenario Editor/WNTerrainMapView.m
2026-02-02 10:09:12,040 - Knowledge - INFO - process ingested knowledge for /app/data/T0002/209001/b3686k5/wesnoth-209001/MacOSX/Wesnoth Scenario Editor/WNCustomDialogView.m
2026-02-02 10:09:12,046 - Knowledge - INFO - Processing batch of 4 files
2026-02-02 10:09:12,061 - Knowledge - INFO - Async storing batch of 6 embeddings
2026-02-02 10:09:12,062 - Knowledge - INFO - process ingested knowledge for /app/data/T0002/209001/b3686k5/wesnoth-209001/MacOSX/freetype-headers/freetype/ttnameid.h
2026-02-02 10:09:12,063 - Knowledge - INFO - process ingested knowledge for /app/data/T0002/209001/b3686k5/wesnoth-209001/MacOSX/Wesnoth Scenario Editor/WNTerrainList.m
2026-02-02 10:09:12,162 - Knowledge - INFO - Worker kw19 processing /app/data/T0002/209001/b3686k5/wesnoth-209001/MacOSX/Wesnoth Scenario Editor/SelectionUtils.h
2026-02-02 10:09:12,186 - Knowledge - INFO - Fast-tracked /app/data/T0002/209001/b3686k5/wesnoth-209001/MacOSX/Wesnoth Scenario Editor/SelectionUtils.h (ext=.h, size=564)
2026-02-02 10:09:12,189 - Knowledge - INFO - Worker kw19 processing /app/data/T0002/209001/b3686k5/wesnoth-209001/MacOSX/Wesnoth Scenario Editor/WNPreferences.h
2026-02-02 10:09:12,202 - Knowledge - INFO - Fast-tracked /app/data/T0002/209001/b3686k5/wesnoth-209001/MacOSX/Wesnoth Scenario Editor/WNPreferences.h (ext=.h, size=1066)
2026-02-02 10:09:12,224 - Knowledge - INFO - Worker kw19 processing /app/data/T0002/209001/b3686k5/wesnoth-209001/MacOSX/Wesnoth Scenario Editor/WMLEvent.m
2026-02-02 10:09:12,231 - Knowledge - INFO - Worker kw19 processing /app/data/T0002/209001/b3686k5/wesnoth-209001/MacOSX/Wesnoth Scenario Editor/WNEventDataSource.m
2026-02-02 10:09:12,328 - Knowledge - INFO - Fast-tracked /app/data/T0002/209001/b3686k5/wesnoth-209001/MacOSX/Wesnoth Scenario Editor/WNEventDataSource.m (small file (2012 bytes))
2026-02-02 10:09:12,333 - Knowledge - INFO - Async storage completed for 6 embeddings
2026-02-02 10:09:12,422 - Knowledge - INFO - process ingested knowledge for /app/data/T0002/209001/b3686k5/wesnoth-209001/MacOSX/Wesnoth Scenario Editor/WNUnitList.m
2026-02-02 10:09:12,438 - Knowledge - INFO - process ingested knowledge for /app/data/T0002/209001/b3686k5/wesnoth-209001/MacOSX/Wesnoth Scenario Editor/main.m
2026-02-02 10:09:12,438 - Knowledge - INFO - Async storing batch of 5 embeddings
2026-02-02 10:09:12,460 - Knowledge - INFO - process ingested knowledge for /app/data/T0002/209001/b3686k5/wesnoth-209001/MacOSX/Wesnoth Scenario Editor/WNTeamList.h
2026-02-02 10:09:12,491 - Knowledge - INFO - Worker kw12 processing /app/data/T0002/209001/b3686k5/wesnoth-209001/MacOSX/Wesnoth Scenario Editor/WMLMapPoint.m
2026-02-02 10:09:12,564 - Knowledge - INFO - Worker kw12 processing /app/data/T0002/209001/b3686k5/wesnoth-209001/MacOSX/Wesnoth Scenario Editor/WNTerrains.h
2026-02-02 10:09:12,573 - Knowledge - INFO - Fast-tracked /app/data/T0002/209001/b3686k5/wesnoth-209001/MacOSX/Wesnoth Scenario Editor/WNTerrains.h (ext=.h, size=516)
2026-02-02 10:09:12,579 - Knowledge - INFO - Worker kw12 processing /app/data/T0002/209001/b3686k5/wesnoth-209001/MacOSX/Wesnoth Scenario Editor/WMLSideDetail.m
2026-02-02 10:09:12,582 - Knowledge - INFO - Worker kw12 processing /app/data/T0002/209001/b3686k5/wesnoth-209001/MacOSX/Wesnoth Scenario Editor/WNUnits.m
2026-02-02 10:09:13,053 - Knowledge - INFO - process ingested knowledge for /app/data/T0002/209001/b3686k5/wesnoth-209001/MacOSX/freetype-headers/freetype/ftlist.h
2026-02-02 10:09:13,061 - Knowledge - INFO - Async storage completed for 5 embeddings
2026-02-02 10:09:13,062 - Knowledge - INFO - process ingested knowledge for /app/data/T0002/209001/b3686k5/wesnoth-209001/MacOSX/Wesnoth Scenario Editor/WNCustomDialogView.h
2026-02-02 10:09:13,073 - Knowledge - INFO - process ingested knowledge for /app/data/T0002/209001/b3686k5/wesnoth-209001/MacOSX/Wesnoth Scenario Editor/WMLTag.h
2026-02-02 10:09:13,081 - Knowledge - INFO - process ingested knowledge for /app/data/T0002/209001/b3686k5/wesnoth-209001/MacOSX/Wesnoth Scenario Editor/WMLScenarioDetails.m
2026-02-02 10:09:13,089 - Knowledge - INFO - process ingested knowledge for /app/data/T0002/209001/b3686k5/wesnoth-209001/MacOSX/Wesnoth Scenario Editor/WNCampaign.m
2026-02-02 10:09:13,092 - Knowledge - INFO - process ingested knowledge for /app/data/T0002/209001/b3686k5/wesnoth-209001/MacOSX/Wesnoth Scenario Editor/WNMapTabViewDelegate.h
2026-02-02 10:09:13,128 - Knowledge - INFO - [WEBSOCKET] Sent: Type=progress_update, Size: 292, Duration: 0ms
2026-02-02 10:09:13,141 - Knowledge - INFO - process ingested knowledge for /app/data/T0002/209001/b3686k5/wesnoth-209001/MacOSX/freetype-headers/freetype/ftxf86.h
2026-02-02 10:09:13,249 - Knowledge - INFO - [WEBSOCKET] Sent: Type=unknown, Size: ?, Duration: 121ms
2026-02-02 10:09:13,259 - Knowledge - INFO - Progress: 80.6% | Files: 384/474 | Rate: 0.77 files/sec | Queue: 68
2026-02-02 10:09:13,278 - Knowledge - INFO - Processing batch of 5 files
2026-02-02 10:09:13,282 - Knowledge - INFO - process ingested knowledge for /app/data/T0002/209001/b3686k5/wesnoth-209001/MacOSX/freetype-headers/freetype/internal/ftgloadr.h
2026-02-02 10:09:13,524 - Knowledge - INFO - process ingested knowledge for /app/data/T0002/209001/b3686k5/wesnoth-209001/MacOSX/Wesnoth Scenario Editor/WMLMapPoint.h
2026-02-02 10:09:13,771 - Knowledge - INFO - process ingested knowledge for /app/data/T0002/209001/b3686k5/wesnoth-209001/MacOSX/Wesnoth Scenario Editor/WNDefeatList.m
2026-02-02 10:09:13,772 - Knowledge - INFO - process ingested knowledge for /app/data/T0002/209001/b3686k5/wesnoth-209001/MacOSX/Wesnoth Scenario Editor/WNIconListView.m
2026-02-02 10:09:13,778 - Knowledge - INFO - [kw1] Queue=68, InProgress=0, PendingWorkers=20/20, Completed=384/474 (81.0%)
2026-02-02 10:09:13,780 - Knowledge - INFO - [kw6] Queue=68, InProgress=0, PendingWorkers=20/20, Completed=384/474 (81.0%)
2026-02-02 10:09:13,781 - Knowledge - INFO - Batch sizing: calculated=4, max_allowed=10, queue=68, active_workers=20/20
2026-02-02 10:09:13,787 - Knowledge - INFO - process ingested knowledge for /app/data/T0002/209001/b3686k5/wesnoth-209001/MacOSX/Wesnoth Scenario Editor/WNUtils.m
2026-02-02 10:09:13,788 - Knowledge - INFO - Batch sizing: calculated=4, max_allowed=10, queue=68, active_workers=20/20
2026-02-02 10:09:13,830 - Knowledge - INFO - process ingested knowledge for /app/data/T0002/209001/b3686k5/wesnoth-209001/MacOSX/Wesnoth Scenario Editor/changelog.txt
2026-02-02 10:09:13,842 - Knowledge - INFO - process ingested knowledge for /app/data/T0002/209001/b3686k5/wesnoth-209001/MacOSX/Wesnoth Scenario Editor/WNMainTabViewDelegate.h
2026-02-02 10:09:13,862 - Knowledge - INFO - process ingested knowledge for /app/data/T0002/209001/b3686k5/wesnoth-209001/MacOSX/freetype-headers/freetype/internal/internal.h
2026-02-02 10:09:14,076 - Knowledge - INFO - Processing batch of 5 files
2026-02-02 10:09:14,089 - Knowledge - INFO - process ingested knowledge for /app/data/T0002/209001/b3686k5/wesnoth-209001/MacOSX/Wesnoth Scenario Editor/SelectionUtils.m
2026-02-02 10:09:14,678 - Knowledge - INFO - Async storing batch of 5 embeddings
2026-02-02 10:09:14,679 - Knowledge - INFO - process ingested knowledge for /app/data/T0002/209001/b3686k5/wesnoth-209001/MacOSX/Wesnoth Scenario Editor/HexUtils.m
2026-02-02 10:09:14,690 - Knowledge - INFO - Worker kw1 processing /app/data/T0002/209001/b3686k5/wesnoth-209001/MacOSX/Wesnoth Scenario Editor/WNTeamList.m
2026-02-02 10:09:14,750 - Knowledge - INFO - Fast-tracked /app/data/T0002/209001/b3686k5/wesnoth-209001/MacOSX/Wesnoth Scenario Editor/WNTeamList.m (ext=.m, size=1124)
2026-02-02 10:09:14,756 - Knowledge - INFO - Worker kw1 processing /app/data/T0002/209001/b3686k5/wesnoth-209001/MacOSX/Wesnoth Scenario Editor/WNEventMapView.m
2026-02-02 10:09:14,775 - Knowledge - INFO - Worker kw1 processing /app/data/T0002/209001/b3686k5/wesnoth-209001/MacOSX/Wesnoth Scenario Editor/WNCampaign.h
2026-02-02 10:09:14,822 - Knowledge - INFO - Processing batch of 5 files
2026-02-02 10:09:14,834 - Knowledge - INFO - Processing batch of 5 files
2026-02-02 10:09:14,835 - Knowledge - INFO - Worker kw1 processing /app/data/T0002/209001/b3686k5/wesnoth-209001/MacOSX/Wesnoth Scenario Editor/WNIconListView.h
2026-02-02 10:09:14,840 - Knowledge - INFO - process ingested knowledge for /app/data/T0002/209001/b3686k5/wesnoth-209001/MacOSX/freetype-headers/freetype/internal/ftstream.h
2026-02-02 10:09:14,860 - Knowledge - INFO - process ingested knowledge for /app/data/T0002/209001/b3686k5/wesnoth-209001/MacOSX/freetype-headers/freetype/internal/ftdebug.h
2026-02-02 10:09:14,888 - Knowledge - INFO - Fast-tracked /app/data/T0002/209001/b3686k5/wesnoth-209001/MacOSX/Wesnoth Scenario Editor/WNIconListView.h (ext=.h, size=116)
2026-02-02 10:09:14,938 - Knowledge - INFO - Fast-tracked /app/data/T0002/209001/b3686k5/wesnoth-209001/MacOSX/Wesnoth Scenario Editor/WNEventMapView.m (small file (2655 bytes))
2026-02-02 10:09:15,086 - Knowledge - INFO - Async storing batch of 5 embeddings
2026-02-02 10:09:15,122 - Knowledge - INFO - Worker kw6 processing /app/data/T0002/209001/b3686k5/wesnoth-209001/MacOSX/Wesnoth Scenario Editor/WNScenarioList.h
2026-02-02 10:09:15,130 - Knowledge - INFO - Async storage completed for 5 embeddings
2026-02-02 10:09:15,160 - Knowledge - INFO - Fast-tracked /app/data/T0002/209001/b3686k5/wesnoth-209001/MacOSX/Wesnoth Scenario Editor/WNScenarioList.h (ext=.h, size=443)
2026-02-02 10:09:15,191 - Knowledge - INFO - Worker kw6 processing /app/data/T0002/209001/b3686k5/wesnoth-209001/MacOSX/Wesnoth Scenario Editor/WMLTerrain.h
2026-02-02 10:09:15,280 - Knowledge - INFO - Fast-tracked /app/data/T0002/209001/b3686k5/wesnoth-209001/MacOSX/Wesnoth Scenario Editor/WMLTerrain.h (ext=.h, size=666)
2026-02-02 10:09:15,286 - Knowledge - INFO - Worker kw6 processing /app/data/T0002/209001/b3686k5/wesnoth-209001/MacOSX/Wesnoth Scenario Editor/WMLSide.h
2026-02-02 10:09:15,327 - Knowledge - INFO - Fast-tracked /app/data/T0002/209001/b3686k5/wesnoth-209001/MacOSX/Wesnoth Scenario Editor/WMLSide.h (ext=.h, size=766)
2026-02-02 10:09:15,329 - Knowledge - INFO - Worker kw6 processing /app/data/T0002/209001/b3686k5/wesnoth-209001/MacOSX/Wesnoth Scenario Editor/WNMapTabViewDelegate.m
2026-02-02 10:09:15,346 - Knowledge - INFO - Fast-tracked /app/data/T0002/209001/b3686k5/wesnoth-209001/MacOSX/Wesnoth Scenario Editor/WNMapTabViewDelegate.m (ext=.m, size=501)
2026-02-02 10:09:15,373 - Knowledge - INFO - Async storage completed for 5 embeddings
2026-02-02 10:09:15,526 - Knowledge - INFO - process ingested knowledge for /app/data/T0002/209001/b3686k5/wesnoth-209001/MacOSX/Wesnoth Scenario Editor/WMLCampaign.h
2026-02-02 10:09:15,539 - Knowledge - INFO - [kw9] Queue=60, InProgress=0, PendingWorkers=20/20, Completed=388/474 (81.9%)
2026-02-02 10:09:15,601 - Knowledge - INFO - Batch sizing: calculated=4, max_allowed=10, queue=60, active_workers=20/20
2026-02-02 10:09:16,861 - Knowledge - INFO - process ingested knowledge for /app/data/T0002/209001/b3686k5/wesnoth-209001/MacOSX/freetype-headers/freetype/internal/fttrace.h
2026-02-02 10:09:17,263 - Knowledge - INFO - process ingested knowledge for /app/data/T0002/209001/b3686k5/wesnoth-209001/MacOSX/freetype-headers/freetype/internal/ftcalc.h
2026-02-02 10:09:17,288 - Knowledge - INFO - process ingested knowledge for /app/data/T0002/209001/b3686k5/wesnoth-209001/MacOSX/Wesnoth Scenario Editor/WNPreferences.m
2026-02-02 10:09:17,299 - Knowledge - INFO - Async storing batch of 5 embeddings
2026-02-02 10:09:17,338 - Knowledge - INFO - Worker kw9 processing /app/data/T0002/209001/b3686k5/wesnoth-209001/MacOSX/Wesnoth Scenario Editor/WNCharacters.h
2026-02-02 10:09:17,372 - Knowledge - INFO - Worker kw9 processing /app/data/T0002/209001/b3686k5/wesnoth-209001/MacOSX/Wesnoth Scenario Editor/WMLCampaign.m
2026-02-02 10:09:17,389 - Knowledge - INFO - Worker kw9 processing /app/data/T0002/209001/b3686k5/wesnoth-209001/MacOSX/Wesnoth Scenario Editor/WNTerrainView.h
2026-02-02 10:09:17,429 - Knowledge - INFO - Fast-tracked /app/data/T0002/209001/b3686k5/wesnoth-209001/MacOSX/Wesnoth Scenario Editor/WNTerrainView.h (ext=.h, size=115)
2026-02-02 10:09:17,434 - Knowledge - INFO - Worker kw9 processing /app/data/T0002/209001/b3686k5/wesnoth-209001/MacOSX/Wesnoth Scenario Editor/WMLTag.m
2026-02-02 10:09:17,530 - Knowledge - INFO - Fast-tracked /app/data/T0002/209001/b3686k5/wesnoth-209001/MacOSX/Wesnoth Scenario Editor/WNCharacters.h (small file (2204 bytes))
2026-02-02 10:09:17,969 - Knowledge - INFO - Async storage completed for 5 embeddings
2026-02-02 10:09:18,143 - Knowledge - INFO - process ingested knowledge for /app/data/T0002/209001/b3686k5/wesnoth-209001/MacOSX/freetype-headers/freetype/internal/autohint.h
2026-02-02 10:09:18,458 - Knowledge - INFO - process ingested knowledge for /app/data/T0002/209001/b3686k5/wesnoth-209001/MacOSX/freetype-headers/freetype/internal/pshints.h
2026-02-02 10:09:19,101 - Knowledge - INFO - process ingested knowledge for /app/data/T0002/209001/b3686k5/wesnoth-209001/MacOSX/freetype-headers/freetype/internal/tttypes.h
2026-02-02 10:09:20,327 - Knowledge - INFO - process ingested knowledge for /app/data/T0002/209001/b3686k5/wesnoth-209001/MacOSX/freetype-headers/freetype/internal/ftobjs.h
2026-02-02 10:09:20,757 - Knowledge - INFO - process ingested knowledge for /app/data/T0002/209001/b3686k5/wesnoth-209001/MacOSX/freetype-headers/freetype/tttags.h
2026-02-02 10:09:20,806 - Knowledge - INFO - process ingested knowledge for /app/data/T0002/209001/b3686k5/wesnoth-209001/MacOSX/Wesnoth Scenario Editor/WNMainTabViewDelegate.m
2026-02-02 10:09:23,997 - Knowledge - INFO - process ingested knowledge for /app/data/T0002/209001/b3686k5/wesnoth-209001/MacOSX/freetype-headers/freetype/internal/sfnt.h
2026-02-02 10:09:24,424 - Knowledge - INFO - process ingested knowledge for /app/data/T0002/209001/b3686k5/wesnoth-209001/MacOSX/freetype-headers/freetype/fttrigon.h
2026-02-02 10:09:24,534 - Knowledge - INFO - Processing batch of 5 files
2026-02-02 10:09:24,541 - Knowledge - INFO - process ingested knowledge for /app/data/T0002/209001/b3686k5/wesnoth-209001/MacOSX/freetype-headers/freetype/ftimage.h
2026-02-02 10:09:24,725 - Knowledge - INFO - process ingested knowledge for /app/data/T0002/209001/b3686k5/wesnoth-209001/MacOSX/freetype-headers/freetype/internal/psaux.h
2026-02-02 10:09:26,147 - Knowledge - INFO - [WEBSOCKET] Sent: Type=progress_update, Size: 292, Duration: 0ms
2026-02-02 10:09:26,174 - Knowledge - INFO - [WEBSOCKET] Sent: Type=unknown, Size: ?, Duration: 27ms
2026-02-02 10:09:26,201 - Knowledge - INFO - Progress: 82.9% | Files: 393/474 | Rate: 0.77 files/sec | Queue: 56
2026-02-02 10:09:26,990 - Knowledge - INFO - process ingested knowledge for /app/data/T0002/209001/b3686k5/wesnoth-209001/MacOSX/freetype-headers/freetype/internal/ftmemory.h
2026-02-02 10:09:27,811 - Knowledge - INFO - process ingested knowledge for /app/data/T0002/209001/b3686k5/wesnoth-209001/MacOSX/freetype-headers/freetype/ftbbox.h
2026-02-02 10:09:27,838 - Knowledge - INFO - [LLM_CALL] Completed: WMLMap.m:chunk1, Duration: 20545ms, PromptTokens: 7440, CompletionTokens: 1456, Cost: $0.00133
2026-02-02 10:09:27,853 - Knowledge - INFO - done ingest for /app/data/T0002/209001/b3686k5/wesnoth-209001/MacOSX/Wesnoth Scenario Editor/WMLMap.m
2026-02-02 10:09:27,874 - Knowledge - INFO - Processing batch of 4 files
2026-02-02 10:09:27,951 - Knowledge - INFO - [kw20] Queue=56, InProgress=0, PendingWorkers=20/20, Completed=394/474 (83.1%)
2026-02-02 10:09:27,960 - Knowledge - INFO - process ingested knowledge for /app/data/T0002/209001/b3686k5/wesnoth-209001/MacOSX/Wesnoth Scenario Editor/WMLScenario.h
2026-02-02 10:09:27,978 - Knowledge - INFO - process ingested knowledge for /app/data/T0002/209001/b3686k5/wesnoth-209001/MacOSX/Wesnoth Scenario Editor/WNScenarioList.h
2026-02-02 10:09:27,993 - Knowledge - INFO - Batch sizing: calculated=4, max_allowed=10, queue=56, active_workers=20/20
2026-02-02 10:09:28,783 - Knowledge - INFO - process ingested knowledge for /app/data/T0002/209001/b3686k5/wesnoth-209001/MacOSX/freetype-headers/freetype/ftsysio.h
2026-02-02 10:09:31,923 - Knowledge - INFO - process ingested knowledge for /app/data/T0002/209001/b3686k5/wesnoth-209001/MacOSX/Wesnoth Scenario Editor/WNLoadSave.h
2026-02-02 10:09:31,941 - Knowledge - INFO - process ingested knowledge for /app/data/T0002/209001/b3686k5/wesnoth-209001/MacOSX/Wesnoth Scenario Editor/WMLTerrain.h
2026-02-02 10:09:31,941 - Knowledge - INFO - [kw15] Queue=56, InProgress=0, PendingWorkers=20/20, Completed=394/474 (83.1%)
2026-02-02 10:09:32,122 - Knowledge - INFO - Batch sizing: calculated=4, max_allowed=10, queue=56, active_workers=20/20
2026-02-02 10:09:32,659 - Knowledge - INFO - [kw4] Queue=56, InProgress=0, PendingWorkers=20/20, Completed=394/474 (83.1%)
2026-02-02 10:09:32,689 - Knowledge - INFO - Batch sizing: calculated=4, max_allowed=10, queue=56, active_workers=20/20
2026-02-02 10:09:34,655 - Knowledge - INFO - Async storing batch of 5 embeddings
2026-02-02 10:09:34,656 - Knowledge - INFO - process ingested knowledge for /app/data/T0002/209001/b3686k5/wesnoth-209001/MacOSX/Wesnoth Scenario Editor/WMLSide.h
2026-02-02 10:09:34,722 - Knowledge - INFO - Worker kw20 processing /app/data/T0002/209001/b3686k5/wesnoth-209001/MacOSX/Wesnoth Scenario Editor/WNVictoryList.h
2026-02-02 10:09:34,825 - Knowledge - INFO - Fast-tracked /app/data/T0002/209001/b3686k5/wesnoth-209001/MacOSX/Wesnoth Scenario Editor/WNVictoryList.h (ext=.h, size=395)
2026-02-02 10:09:34,830 - Knowledge - INFO - Worker kw20 processing /app/data/T0002/209001/b3686k5/wesnoth-209001/MacOSX/Wesnoth Scenario Editor/WNFileLocations.h
2026-02-02 10:09:34,854 - Knowledge - INFO - Fast-tracked /app/data/T0002/209001/b3686k5/wesnoth-209001/MacOSX/Wesnoth Scenario Editor/WNFileLocations.h (ext=.h, size=830)
2026-02-02 10:09:34,855 - Knowledge - INFO - Worker kw20 processing /app/data/T0002/209001/b3686k5/wesnoth-209001/MacOSX/Wesnoth Scenario Editor/WNEventLookup.h
2026-02-02 10:09:34,925 - Knowledge - INFO - Fast-tracked /app/data/T0002/209001/b3686k5/wesnoth-209001/MacOSX/Wesnoth Scenario Editor/WNEventLookup.h (ext=.h, size=478)
2026-02-02 10:09:34,931 - Knowledge - INFO - Worker kw20 processing /app/data/T0002/209001/b3686k5/wesnoth-209001/MacOSX/Wesnoth Scenario Editor/WNUnitList.h
2026-02-02 10:09:34,977 - Knowledge - INFO - Fast-tracked /app/data/T0002/209001/b3686k5/wesnoth-209001/MacOSX/Wesnoth Scenario Editor/WNUnitList.h (ext=.h, size=274)
2026-02-02 10:09:35,078 - Knowledge - INFO - Async storing batch of 5 embeddings
2026-02-02 10:09:35,163 - Knowledge - INFO - Async storage completed for 5 embeddings
2026-02-02 10:09:35,228 - Knowledge - INFO - Worker kw4 processing /app/data/T0002/209001/b3686k5/wesnoth-209001/MacOSX/Wesnoth Scenario Editor/WMLHelp.txt
2026-02-02 10:09:35,383 - Knowledge - INFO - Fast-tracked /app/data/T0002/209001/b3686k5/wesnoth-209001/MacOSX/Wesnoth Scenario Editor/WMLHelp.txt (ext=.txt, size=574)
2026-02-02 10:09:35,427 - Knowledge - INFO - Worker kw4 processing /app/data/T0002/209001/b3686k5/wesnoth-209001/MacOSX/Wesnoth Scenario Editor/WMLScenario.m
2026-02-02 10:09:35,480 - Knowledge - INFO - Worker kw4 processing /app/data/T0002/209001/b3686k5/wesnoth-209001/MacOSX/Wesnoth Scenario Editor/WNLeaderListView.h
2026-02-02 10:09:35,535 - Knowledge - INFO - Fast-tracked /app/data/T0002/209001/b3686k5/wesnoth-209001/MacOSX/Wesnoth Scenario Editor/WNLeaderListView.h (ext=.h, size=131)
2026-02-02 10:09:35,564 - Knowledge - INFO - Worker kw4 processing /app/data/T0002/209001/b3686k5/wesnoth-209001/MacOSX/Wesnoth Scenario Editor/WNLoadSave.m
2026-02-02 10:09:35,761 - Knowledge - INFO - [kw11] Queue=48, InProgress=0, PendingWorkers=20/20, Completed=395/474 (83.3%)
2026-02-02 10:09:35,767 - Knowledge - INFO - Batch sizing: calculated=4, max_allowed=10, queue=48, active_workers=20/20
2026-02-02 10:09:35,772 - Knowledge - INFO - [kw2] Queue=48, InProgress=0, PendingWorkers=20/20, Completed=395/474 (83.3%)
2026-02-02 10:09:35,782 - Knowledge - INFO - Async storing batch of 5 embeddings
2026-02-02 10:09:35,843 - Knowledge - INFO - Batch sizing: calculated=4, max_allowed=10, queue=48, active_workers=20/20
2026-02-02 10:09:35,898 - Knowledge - INFO - Worker kw15 processing /app/data/T0002/209001/b3686k5/wesnoth-209001/MacOSX/Wesnoth Scenario Editor/WNScenario.h
2026-02-02 10:09:35,944 - Knowledge - INFO - Fast-tracked /app/data/T0002/209001/b3686k5/wesnoth-209001/MacOSX/Wesnoth Scenario Editor/WNScenario.h (ext=.h, size=411)
2026-02-02 10:09:35,952 - Knowledge - INFO - Worker kw15 processing /app/data/T0002/209001/b3686k5/wesnoth-209001/MacOSX/Wesnoth Scenario Editor/WNCampaignIconView.h
2026-02-02 10:09:36,022 - Knowledge - INFO - Fast-tracked /app/data/T0002/209001/b3686k5/wesnoth-209001/MacOSX/Wesnoth Scenario Editor/WNCampaignIconView.h (ext=.h, size=245)
2026-02-02 10:09:36,023 - Knowledge - INFO - Worker kw15 processing /app/data/T0002/209001/b3686k5/wesnoth-209001/MacOSX/Wesnoth Scenario Editor/WNCharacterEditor.h
2026-02-02 10:09:36,132 - Knowledge - INFO - Fast-tracked /app/data/T0002/209001/b3686k5/wesnoth-209001/MacOSX/Wesnoth Scenario Editor/WNCharacterEditor.h (ext=.h, size=1335)
2026-02-02 10:09:36,159 - Knowledge - INFO - Worker kw15 processing /app/data/T0002/209001/b3686k5/wesnoth-209001/MacOSX/Wesnoth Scenario Editor/WNCharacterListView.h
2026-02-02 10:09:36,166 - Knowledge - INFO - Async storage completed for 5 embeddings
2026-02-02 10:09:36,279 - Knowledge - INFO - process ingested knowledge for /app/data/T0002/209001/b3686k5/wesnoth-209001/MacOSX/freetype-headers/freetype/ftsnames.h
2026-02-02 10:09:36,327 - Knowledge - INFO - Fast-tracked /app/data/T0002/209001/b3686k5/wesnoth-209001/MacOSX/Wesnoth Scenario Editor/WNCharacterListView.h (ext=.h, size=136)
2026-02-02 10:09:36,582 - Knowledge - INFO - Async storage completed for 5 embeddings
2026-02-02 10:09:37,022 - Knowledge - INFO - [kw16] Queue=44, InProgress=0, PendingWorkers=20/20, Completed=396/474 (83.5%)
2026-02-02 10:09:37,022 - Knowledge - INFO - Batch sizing: calculated=4, max_allowed=10, queue=44, active_workers=20/20
2026-02-02 10:09:37,509 - Knowledge - INFO - Async storing batch of 4 embeddings
2026-02-02 10:09:37,510 - Knowledge - INFO - Worker kw2 processing /app/data/T0002/209001/b3686k5/wesnoth-209001/MacOSX/intl/plural-exp.h
2026-02-02 10:09:37,576 - Knowledge - INFO - Worker kw2 processing /app/data/T0002/209001/b3686k5/wesnoth-209001/MacOSX/intl/loadmsgcat.c
2026-02-02 10:09:37,609 - Knowledge - INFO - Worker kw2 processing /app/data/T0002/209001/b3686k5/wesnoth-209001/MacOSX/intl/wprintf-parse.h
2026-02-02 10:09:37,674 - Knowledge - INFO - Worker kw2 processing /app/data/T0002/209001/b3686k5/wesnoth-209001/MacOSX/intl/dngettext.c
2026-02-02 10:09:37,763 - Knowledge - INFO - Fast-tracked /app/data/T0002/209001/b3686k5/wesnoth-209001/MacOSX/intl/dngettext.c (ext=.c, size=1890)
2026-02-02 10:09:38,184 - Knowledge - INFO - [LLM_CALL] Completed: WNEventEditor.m:chunk1, Duration: 27719ms, PromptTokens: 2966, CompletionTokens: 916, Cost: $0.00066
2026-02-02 10:09:38,189 - Knowledge - INFO - done ingest for /app/data/T0002/209001/b3686k5/wesnoth-209001/MacOSX/Wesnoth Scenario Editor/WNEventEditor.m
2026-02-02 10:09:38,291 - Knowledge - INFO - process ingested knowledge for /app/data/T0002/209001/b3686k5/wesnoth-209001/MacOSX/Wesnoth Scenario Editor/WNMapTabViewDelegate.m
2026-02-02 10:09:38,593 - Knowledge - INFO - Fast-tracked /app/data/T0002/209001/b3686k5/wesnoth-209001/MacOSX/intl/wprintf-parse.h (small file (2223 bytes))
2026-02-02 10:09:38,743 - Knowledge - INFO - Async storage completed for 4 embeddings
2026-02-02 10:09:39,982 - Knowledge - INFO - Async storing batch of 4 embeddings
2026-02-02 10:09:39,988 - Knowledge - INFO - [kw3] Queue=36, InProgress=0, PendingWorkers=20/20, Completed=399/474 (84.2%)
2026-02-02 10:09:40,012 - Knowledge - INFO - Worker kw16 processing /app/data/T0002/209001/b3686k5/wesnoth-209001/MacOSX/intl/vasnwprintf.h
2026-02-02 10:09:40,022 - Knowledge - INFO - Async storing batch of 6 embeddings
2026-02-02 10:09:40,033 - Knowledge - INFO - Batch sizing: calculated=4, max_allowed=10, queue=36, active_workers=20/20
2026-02-02 10:09:40,095 - Knowledge - INFO - Worker kw11 processing /app/data/T0002/209001/b3686k5/wesnoth-209001/MacOSX/intl/relocatable.h
2026-02-02 10:09:40,096 - Knowledge - INFO - Fast-tracked /app/data/T0002/209001/b3686k5/wesnoth-209001/MacOSX/intl/vasnwprintf.h (ext=.h, size=1730)
2026-02-02 10:09:40,188 - Knowledge - INFO - Processing batch of 4 files
2026-02-02 10:09:40,189 - Knowledge - INFO - Worker kw16 processing /app/data/T0002/209001/b3686k5/wesnoth-209001/MacOSX/intl/libintl.h
2026-02-02 10:09:40,195 - Knowledge - INFO - process ingested knowledge for /app/data/T0002/209001/b3686k5/wesnoth-209001/MacOSX/Wesnoth Scenario Editor/WNSideList.m
2026-02-02 10:09:40,199 - Knowledge - INFO - Worker kw11 processing /app/data/T0002/209001/b3686k5/wesnoth-209001/MacOSX/intl/osdep.c
2026-02-02 10:09:40,251 - Knowledge - INFO - Worker kw16 processing /app/data/T0002/209001/b3686k5/wesnoth-209001/MacOSX/intl/printf.c
2026-02-02 10:09:40,281 - Knowledge - INFO - Fast-tracked /app/data/T0002/209001/b3686k5/wesnoth-209001/MacOSX/intl/osdep.c (ext=.c, size=931)
2026-02-02 10:09:40,379 - Knowledge - INFO - Worker kw11 processing /app/data/T0002/209001/b3686k5/wesnoth-209001/MacOSX/intl/printf-parse.c
2026-02-02 10:09:40,382 - Knowledge - INFO - Worker kw16 processing /app/data/T0002/209001/b3686k5/wesnoth-209001/MacOSX/intl/ngettext.c
2026-02-02 10:09:40,507 - Knowledge - INFO - Worker kw11 processing /app/data/T0002/209001/b3686k5/wesnoth-209001/MacOSX/intl/vasnprintf.c
2026-02-02 10:09:40,522 - Knowledge - INFO - Fast-tracked /app/data/T0002/209001/b3686k5/wesnoth-209001/MacOSX/intl/ngettext.c (ext=.c, size=1976)
2026-02-02 10:09:40,716 - Knowledge - INFO - Fast-tracked /app/data/T0002/209001/b3686k5/wesnoth-209001/MacOSX/intl/relocatable.h (small file (2717 bytes))
2026-02-02 10:09:40,767 - Knowledge - INFO - process ingested knowledge for /app/data/T0002/209001/b3686k5/wesnoth-209001/MacOSX/freetype-headers/ft2build.h
2026-02-02 10:09:41,293 - Knowledge - INFO - Async storing batch of 5 embeddings
2026-02-02 10:09:41,323 - Knowledge - INFO - Worker kw3 processing /app/data/T0002/209001/b3686k5/wesnoth-209001/MacOSX/intl/loadinfo.h
2026-02-02 10:09:41,330 - Knowledge - INFO - process ingested knowledge for /app/data/T0002/209001/b3686k5/wesnoth-209001/MacOSX/Wesnoth Scenario Editor/WNScenarioDesignDelegate.m
2026-02-02 10:09:41,353 - Knowledge - INFO - Worker kw3 processing /app/data/T0002/209001/b3686k5/wesnoth-209001/MacOSX/intl/localename.c
2026-02-02 10:09:41,403 - Knowledge - INFO - Async storage completed for 4 embeddings
2026-02-02 10:09:41,464 - Knowledge - INFO - Async storage completed for 6 embeddings
2026-02-02 10:09:41,638 - Knowledge - INFO - Worker kw3 processing /app/data/T0002/209001/b3686k5/wesnoth-209001/MacOSX/intl/finddomain.c
2026-02-02 10:09:41,740 - Knowledge - INFO - Worker kw3 processing /app/data/T0002/209001/b3686k5/wesnoth-209001/MacOSX/intl/dgettext.c
2026-02-02 10:09:41,838 - Knowledge - INFO - Fast-tracked /app/data/T0002/209001/b3686k5/wesnoth-209001/MacOSX/intl/dgettext.c (ext=.c, size=1781)
2026-02-02 10:09:42,085 - Knowledge - INFO - [LLM_CALL] Completed: WMLEvent.m:chunk1, Duration: 29820ms, PromptTokens: 5000, CompletionTokens: 1812, Cost: $0.00122
2026-02-02 10:09:42,144 - Knowledge - INFO - done ingest for /app/data/T0002/209001/b3686k5/wesnoth-209001/MacOSX/Wesnoth Scenario Editor/WMLEvent.m
2026-02-02 10:09:42,939 - Knowledge - INFO - Async storage completed for 5 embeddings
2026-02-02 10:09:43,797 - Knowledge - INFO - [WEBSOCKET] Sent: Type=progress_update, Size: 291, Duration: 0ms
2026-02-02 10:09:43,833 - Knowledge - INFO - process ingested knowledge for /app/data/T0002/209001/b3686k5/wesnoth-209001/MacOSX/Wesnoth Scenario Editor/WMLMap.m
2026-02-02 10:09:43,846 - Knowledge - INFO - [WEBSOCKET] Sent: Type=unknown, Size: ?, Duration: 49ms
2026-02-02 10:09:43,891 - Knowledge - INFO - Progress: 85.0% | Files: 403/474 | Rate: 0.77 files/sec | Queue: 28
2026-02-02 10:09:44,200 - Knowledge - INFO - [LLM_CALL] Completed: WMLTag.m:chunk1, Duration: 26324ms, PromptTokens: 3270, CompletionTokens: 679, Cost: $0.00060
2026-02-02 10:09:44,227 - Knowledge - INFO - done ingest for /app/data/T0002/209001/b3686k5/wesnoth-209001/MacOSX/Wesnoth Scenario Editor/WMLTag.m
2026-02-02 10:09:47,623 - Knowledge - INFO - process ingested knowledge for /app/data/T0002/209001/b3686k5/wesnoth-209001/MacOSX/Wesnoth Scenario Editor/WNTerrainMapView.h
2026-02-02 10:09:47,650 - Knowledge - INFO - [kw10] Queue=28, InProgress=0, PendingWorkers=20/20, Completed=406/474 (85.7%)
2026-02-02 10:09:47,735 - Knowledge - INFO - Batch sizing: calculated=4, max_allowed=10, queue=28, active_workers=20/20
2026-02-02 10:09:48,073 - Knowledge - INFO - Processing batch of 4 files
2026-02-02 10:09:48,140 - Knowledge - INFO - process ingested knowledge for /app/data/T0002/209001/b3686k5/wesnoth-209001/MacOSX/Wesnoth Scenario Editor/WNVictoryList.h
2026-02-02 10:09:49,745 - Knowledge - INFO - [kw5] Queue=28, InProgress=0, PendingWorkers=20/20, Completed=407/474 (85.9%)
2026-02-02 10:09:49,765 - Knowledge - INFO - Batch sizing: calculated=4, max_allowed=10, queue=28, active_workers=20/20
2026-02-02 10:09:49,786 - Knowledge - INFO - [kw7] Queue=28, InProgress=0, PendingWorkers=20/20, Completed=407/474 (85.9%)
2026-02-02 10:09:49,832 - Knowledge - INFO - process ingested knowledge for /app/data/T0002/209001/b3686k5/wesnoth-209001/MacOSX/Wesnoth Scenario Editor/WNFileLocations.h
2026-02-02 10:09:49,930 - Knowledge - INFO - Batch sizing: calculated=4, max_allowed=10, queue=28, active_workers=20/20
2026-02-02 10:09:50,794 - Knowledge - INFO - [kw14] Queue=28, InProgress=0, PendingWorkers=20/20, Completed=407/474 (85.9%)
2026-02-02 10:09:50,794 - Knowledge - INFO - Batch sizing: calculated=4, max_allowed=10, queue=28, active_workers=20/20
2026-02-02 10:09:50,841 - Knowledge - INFO - Async storing batch of 5 embeddings
2026-02-02 10:09:50,875 - Knowledge - INFO - Worker kw10 processing /app/data/T0002/209001/b3686k5/wesnoth-209001/MacOSX/intl/localcharset.c
2026-02-02 10:09:50,990 - Knowledge - INFO - Worker kw10 processing /app/data/T0002/209001/b3686k5/wesnoth-209001/MacOSX/intl/dcigettext.c
2026-02-02 10:09:51,028 - Knowledge - INFO - Worker kw10 processing /app/data/T0002/209001/b3686k5/wesnoth-209001/MacOSX/intl/gettext.c
2026-02-02 10:09:51,178 - Knowledge - INFO - Fast-tracked /app/data/T0002/209001/b3686k5/wesnoth-209001/MacOSX/intl/gettext.c (ext=.c, size=1896)
2026-02-02 10:09:51,198 - Knowledge - INFO - Worker kw10 processing /app/data/T0002/209001/b3686k5/wesnoth-209001/MacOSX/intl/l10nflist.c
2026-02-02 10:09:51,598 - Knowledge - INFO - [LLM_CALL] Completed: WNMapView.m:chunk1, Duration: 41006ms, PromptTokens: 6408, CompletionTokens: 1410, Cost: $0.00120
2026-02-02 10:09:51,622 - Knowledge - INFO - done ingest for /app/data/T0002/209001/b3686k5/wesnoth-209001/MacOSX/Wesnoth Scenario Editor/WNMapView.m
2026-02-02 10:09:52,102 - Knowledge - INFO - Async storing batch of 5 embeddings
2026-02-02 10:09:52,254 - Knowledge - INFO - Worker kw5 processing /app/data/T0002/209001/b3686k5/wesnoth-209001/MacOSX/intl/os2compat.h
2026-02-02 10:09:52,266 - Knowledge - INFO - Fast-tracked /app/data/T0002/209001/b3686k5/wesnoth-209001/MacOSX/intl/os2compat.h (ext=.h, size=1554)
2026-02-02 10:09:52,393 - Knowledge - INFO - Worker kw5 processing /app/data/T0002/209001/b3686k5/wesnoth-209001/MacOSX/intl/textdomain.c
2026-02-02 10:09:52,558 - Knowledge - INFO - Worker kw5 processing /app/data/T0002/209001/b3686k5/wesnoth-209001/MacOSX/intl/hash-string.h
2026-02-02 10:09:52,577 - Knowledge - INFO - Processing batch of 4 files
2026-02-02 10:09:52,591 - Knowledge - INFO - Fast-tracked /app/data/T0002/209001/b3686k5/wesnoth-209001/MacOSX/intl/hash-string.h (ext=.h, size=1633)
2026-02-02 10:09:52,599 - Knowledge - INFO - Async storage completed for 5 embeddings
2026-02-02 10:09:52,642 - Knowledge - INFO - process ingested knowledge for /app/data/T0002/209001/b3686k5/wesnoth-209001/MacOSX/Wesnoth Scenario Editor/WNScenario.h
2026-02-02 10:09:53,041 - Knowledge - INFO - Worker kw5 processing /app/data/T0002/209001/b3686k5/wesnoth-209001/MacOSX/intl/libgnuintl.h
2026-02-02 10:09:53,096 - Knowledge - INFO - Async storing batch of 5 embeddings
2026-02-02 10:09:53,112 - Knowledge - INFO - process ingested knowledge for /app/data/T0002/209001/b3686k5/wesnoth-209001/MacOSX/Wesnoth Scenario Editor/WNEventLookup.h
2026-02-02 10:09:53,132 - Knowledge - INFO - Worker kw7 processing /app/data/T0002/209001/b3686k5/wesnoth-209001/MacOSX/intl/printf-args.c
2026-02-02 10:09:53,158 - Knowledge - INFO - Async storing batch of 5 embeddings
2026-02-02 10:09:53,184 - Knowledge - INFO - Worker kw14 processing /app/data/T0002/209001/b3686k5/wesnoth-209001/MacOSX/intl/gmo.h
2026-02-02 10:09:53,196 - Knowledge - INFO - Worker kw7 processing /app/data/T0002/209001/b3686k5/wesnoth-209001/MacOSX/intl/plural.c
2026-02-02 10:09:53,228 - Knowledge - INFO - Worker kw14 processing /app/data/T0002/209001/b3686k5/wesnoth-209001/MacOSX/intl/os2compat.c
2026-02-02 10:09:53,240 - Knowledge - INFO - Worker kw7 processing /app/data/T0002/209001/b3686k5/wesnoth-209001/MacOSX/intl/vasnprintf.h
2026-02-02 10:09:53,261 - Knowledge - INFO - Worker kw14 processing /app/data/T0002/209001/b3686k5/wesnoth-209001/MacOSX/intl/intl-compat.c
2026-02-02 10:09:53,361 - Knowledge - INFO - Worker kw14 processing /app/data/T0002/209001/b3686k5/wesnoth-209001/MacOSX/intl/xsize.h
2026-02-02 10:09:53,386 - Knowledge - INFO - Worker kw7 processing /app/data/T0002/209001/b3686k5/wesnoth-209001/MacOSX/intl/printf-parse.h
2026-02-02 10:09:53,428 - Knowledge - INFO - [LLM_CALL] Completed: WMLCampaign.m:chunk1, Duration: 35781ms, PromptTokens: 7048, CompletionTokens: 1178, Cost: $0.00118
2026-02-02 10:09:53,438 - Knowledge - INFO - done ingest for /app/data/T0002/209001/b3686k5/wesnoth-209001/MacOSX/Wesnoth Scenario Editor/WMLCampaign.m
2026-02-02 10:09:54,160 - Knowledge - INFO - [kw13] Queue=12, InProgress=0, PendingWorkers=20/20, Completed=409/474 (86.3%)
2026-02-02 10:09:54,183 - Knowledge - INFO - Batch sizing: calculated=4, max_allowed=10, queue=12, active_workers=20/20
2026-02-02 10:09:54,203 - Knowledge - INFO - process ingested knowledge for /app/data/T0002/209001/b3686k5/wesnoth-209001/MacOSX/Wesnoth Scenario Editor/WNCampaignIconView.h
2026-02-02 10:09:54,242 - Knowledge - INFO - Processing batch of 4 files
2026-02-02 10:09:54,288 - Knowledge - INFO - Fast-tracked /app/data/T0002/209001/b3686k5/wesnoth-209001/MacOSX/intl/os2compat.c (small file (2883 bytes))
2026-02-02 10:09:54,462 - Knowledge - INFO - process ingested knowledge for /app/data/T0002/209001/b3686k5/wesnoth-209001/MacOSX/Wesnoth Scenario Editor/SelectionUtils.h
2026-02-02 10:09:54,596 - Knowledge - INFO - Async storage completed for 5 embeddings
2026-02-02 10:09:54,771 - Knowledge - INFO - Fast-tracked /app/data/T0002/209001/b3686k5/wesnoth-209001/MacOSX/intl/vasnprintf.h (small file (2288 bytes))
2026-02-02 10:09:55,060 - Knowledge - INFO - Fast-tracked /app/data/T0002/209001/b3686k5/wesnoth-209001/MacOSX/intl/printf-parse.h (small file (2183 bytes))
2026-02-02 10:09:55,155 - Knowledge - INFO - Async storage completed for 5 embeddings
2026-02-02 10:09:55,172 - Knowledge - INFO - process ingested knowledge for /app/data/T0002/209001/b3686k5/wesnoth-209001/MacOSX/Wesnoth Scenario Editor/WNUnitList.h
2026-02-02 10:09:55,389 - Knowledge - INFO - Async storage completed for 5 embeddings
2026-02-02 10:09:56,043 - Knowledge - INFO - process ingested knowledge for /app/data/T0002/209001/b3686k5/wesnoth-209001/MacOSX/Wesnoth Scenario Editor/WNCharacterEditor.h
2026-02-02 10:09:56,068 - Knowledge - INFO - [WEBSOCKET] Sent: Type=progress_update, Size: 293, Duration: 0ms
2026-02-02 10:09:56,084 - Knowledge - INFO - process ingested knowledge for /app/data/T0002/209001/b3686k5/wesnoth-209001/MacOSX/Wesnoth Scenario Editor/WNPreferences.h
2026-02-02 10:09:56,142 - Knowledge - INFO - [WEBSOCKET] Sent: Type=unknown, Size: ?, Duration: 73ms
2026-02-02 10:09:56,160 - Knowledge - INFO - Progress: 87.1% | Files: 414/474 | Rate: 0.77 files/sec | Queue: 12
2026-02-02 10:09:57,116 - Knowledge - INFO - process ingested knowledge for /app/data/T0002/209001/b3686k5/wesnoth-209001/MacOSX/Wesnoth Scenario Editor/WNCharacterListView.h
2026-02-02 10:09:57,211 - Knowledge - INFO - process ingested knowledge for /app/data/T0002/209001/b3686k5/wesnoth-209001/MacOSX/Wesnoth Scenario Editor/WMLEvent.m
2026-02-02 10:09:57,242 - Knowledge - INFO - [kw6] Queue=12, InProgress=0, PendingWorkers=20/20, Completed=415/474 (87.6%)
2026-02-02 10:09:57,325 - Knowledge - INFO - Batch sizing: calculated=4, max_allowed=10, queue=12, active_workers=20/20
2026-02-02 10:09:57,826 - Knowledge - INFO - [LLM_CALL] Completed: WMLSideDetail.m:chunk1, Duration: 44960ms, PromptTokens: 3450, CompletionTokens: 984, Cost: $0.00074
2026-02-02 10:09:57,855 - Knowledge - INFO - done ingest for /app/data/T0002/209001/b3686k5/wesnoth-209001/MacOSX/Wesnoth Scenario Editor/WMLSideDetail.m
2026-02-02 10:09:58,457 - Knowledge - INFO - Async storing batch of 5 embeddings
2026-02-02 10:09:58,473 - Knowledge - INFO - Worker kw13 processing /app/data/T0002/209001/b3686k5/wesnoth-209001/MacOSX/intl/dcgettext.c
2026-02-02 10:09:58,628 - Knowledge - INFO - Async storing batch of 4 embeddings
2026-02-02 10:09:58,631 - Knowledge - INFO - Fast-tracked /app/data/T0002/209001/b3686k5/wesnoth-209001/MacOSX/intl/dcgettext.c (ext=.c, size=1805)
2026-02-02 10:09:58,638 - Knowledge - INFO - Worker kw6 processing /app/data/T0002/209001/b3686k5/wesnoth-209001/MacOSX/intl/explodename.c
2026-02-02 10:09:58,684 - Knowledge - INFO - Worker kw13 processing /app/data/T0002/209001/b3686k5/wesnoth-209001/MacOSX/intl/printf-args.h
2026-02-02 10:09:58,843 - Knowledge - INFO - Worker kw6 processing /app/data/T0002/209001/b3686k5/wesnoth-209001/MacOSX/intl/localcharset.h
2026-02-02 10:09:58,888 - Knowledge - INFO - Worker kw13 processing /app/data/T0002/209001/b3686k5/wesnoth-209001/MacOSX/intl/bindtextdom.c
2026-02-02 10:09:58,922 - Knowledge - INFO - Fast-tracked /app/data/T0002/209001/b3686k5/wesnoth-209001/MacOSX/intl/localcharset.h (ext=.h, size=1391)
2026-02-02 10:09:58,922 - Knowledge - INFO - Worker kw6 processing /app/data/T0002/209001/b3686k5/wesnoth-209001/MacOSX/intl/plural-exp.c
2026-02-02 10:09:58,923 - Knowledge - INFO - Worker kw13 processing /app/data/T0002/209001/b3686k5/wesnoth-209001/MacOSX/intl/log.c
2026-02-02 10:09:58,952 - Knowledge - INFO - Worker kw6 processing /app/data/T0002/209001/b3686k5/wesnoth-209001/MacOSX/intl/gettextP.h
2026-02-02 10:09:59,286 - Knowledge - INFO - [LLM_CALL] Completed: localename.c:chunk1, Duration: 16873ms, PromptTokens: 23026, CompletionTokens: 245, Cost: $0.00240
2026-02-02 10:09:59,365 - Knowledge - INFO - done ingest for /app/data/T0002/209001/b3686k5/wesnoth-209001/MacOSX/intl/localename.c
2026-02-02 10:09:59,429 - Knowledge - INFO - Processing batch of 4 files
2026-02-02 10:09:59,439 - Knowledge - INFO - process ingested knowledge for /app/data/T0002/209001/b3686k5/wesnoth-209001/MacOSX/Wesnoth Scenario Editor/WNCharacters.h
2026-02-02 10:09:59,528 - Knowledge - INFO - [LLM_CALL] Completed: vasnprintf.c:chunk1, Duration: 18283ms, PromptTokens: 13244, CompletionTokens: 318, Cost: $0.00145
2026-02-02 10:09:59,543 - Knowledge - INFO - done ingest for /app/data/T0002/209001/b3686k5/wesnoth-209001/MacOSX/intl/vasnprintf.c
2026-02-02 10:09:59,588 - Knowledge - INFO - Fast-tracked /app/data/T0002/209001/b3686k5/wesnoth-209001/MacOSX/intl/printf-args.h (small file (2882 bytes))
2026-02-02 10:10:00,484 - Knowledge - INFO - Fast-tracked /app/data/T0002/209001/b3686k5/wesnoth-209001/MacOSX/intl/log.c (small file (2755 bytes))
2026-02-02 10:10:00,564 - Knowledge - INFO - Async storage completed for 5 embeddings
2026-02-02 10:10:00,775 - Knowledge - INFO - Async storage completed for 4 embeddings
2026-02-02 10:10:01,024 - Knowledge - INFO - [LLM_CALL] Completed: printf-parse.c:chunk1, Duration: 20198ms, PromptTokens: 8134, CompletionTokens: 279, Cost: $0.00092
2026-02-02 10:10:01,055 - Knowledge - INFO - done ingest for /app/data/T0002/209001/b3686k5/wesnoth-209001/MacOSX/intl/printf-parse.c
2026-02-02 10:10:01,205 - Knowledge - INFO - [LLM_CALL] Completed: libintl.h:chunk1, Duration: 20439ms, PromptTokens: 7354, CompletionTokens: 353, Cost: $0.00088
2026-02-02 10:10:01,212 - Knowledge - INFO - done ingest for /app/data/T0002/209001/b3686k5/wesnoth-209001/MacOSX/intl/libintl.h
2026-02-02 10:10:01,777 - Knowledge - INFO - Processing batch of 4 files
2026-02-02 10:10:01,783 - Knowledge - INFO - process ingested knowledge for /app/data/T0002/209001/b3686k5/wesnoth-209001/MacOSX/Wesnoth Scenario Editor/WNUnitMapView.m
2026-02-02 10:10:01,878 - Knowledge - INFO - process ingested knowledge for /app/data/T0002/209001/b3686k5/wesnoth-209001/MacOSX/Wesnoth Scenario Editor/WNEventDataSource.m
2026-02-02 10:10:02,948 - Knowledge - INFO - process ingested knowledge for /app/data/T0002/209001/b3686k5/wesnoth-209001/MacOSX/Wesnoth Scenario Editor/WMLCampaign.m
2026-02-02 10:10:02,990 - Knowledge - INFO - process ingested knowledge for /app/data/T0002/209001/b3686k5/wesnoth-209001/MacOSX/Wesnoth Scenario Editor/WNEventEditor.m
2026-02-02 10:10:03,125 - Knowledge - INFO - [kw8] Queue=4, InProgress=0, PendingWorkers=20/20, Completed=419/474 (88.4%)
2026-02-02 10:10:03,126 - Knowledge - INFO - Batch sizing: calculated=4, max_allowed=10, queue=4, active_workers=20/20
2026-02-02 10:10:03,272 - Knowledge - INFO - process ingested knowledge for /app/data/T0002/209001/b3686k5/wesnoth-209001/MacOSX/Wesnoth Scenario Editor/WNTerrainView.h
2026-02-02 10:10:04,010 - Knowledge - INFO - [LLM_CALL] Completed: plural-exp.h:chunk1, Duration: 26062ms, PromptTokens: 2836, CompletionTokens: 378, Cost: $0.00043
2026-02-02 10:10:04,102 - Knowledge - INFO - done ingest for /app/data/T0002/209001/b3686k5/wesnoth-209001/MacOSX/intl/plural-exp.h
2026-02-02 10:10:04,863 - Knowledge - INFO - Async storing batch of 5 embeddings
2026-02-02 10:10:04,950 - Knowledge - INFO - Worker kw8 processing /app/data/T0002/209001/b3686k5/wesnoth-209001/MacOSX/intl/localealias.c
2026-02-02 10:10:04,957 - Knowledge - INFO - [LLM_CALL] Completed: WNCampaign.h:chunk1, Duration: 49980ms, PromptTokens: 3388, CompletionTokens: 2162, Cost: $0.00120
2026-02-02 10:10:04,958 - Knowledge - INFO - done ingest for /app/data/T0002/209001/b3686k5/wesnoth-209001/MacOSX/Wesnoth Scenario Editor/WNCampaign.h
2026-02-02 10:10:05,000 - Knowledge - INFO - process ingested knowledge for /app/data/T0002/209001/b3686k5/wesnoth-209001/MacOSX/Wesnoth Scenario Editor/WNCharacterList.m
2026-02-02 10:10:05,047 - Knowledge - INFO - Worker kw8 processing /app/data/T0002/209001/b3686k5/wesnoth-209001/MacOSX/intl/eval-plural.h
2026-02-02 10:10:05,164 - Knowledge - INFO - Worker kw8 processing /app/data/T0002/209001/b3686k5/wesnoth-209001/MacOSX/intl/dcngettext.c
2026-02-02 10:10:05,176 - Knowledge - INFO - Fast-tracked /app/data/T0002/209001/b3686k5/wesnoth-209001/MacOSX/intl/dcngettext.c (ext=.c, size=1848)
2026-02-02 10:10:05,177 - Knowledge - INFO - Worker kw8 processing /app/data/T0002/209001/b3686k5/wesnoth-209001/MacOSX/intl/relocatable.c
2026-02-02 10:10:05,796 - Knowledge - INFO - Fast-tracked /app/data/T0002/209001/b3686k5/wesnoth-209001/MacOSX/intl/eval-plural.h (small file (2770 bytes))
2026-02-02 10:10:06,091 - Knowledge - INFO - process ingested knowledge for /app/data/T0002/209001/b3686k5/wesnoth-209001/MacOSX/Wesnoth Scenario Editor/WMLTag.m
2026-02-02 10:10:06,338 - Knowledge - INFO - Async storage completed for 5 embeddings
2026-02-02 10:10:06,457 - Knowledge - INFO - [LLM_CALL] Completed: WMLMapPoint.m:chunk1, Duration: 53700ms, PromptTokens: 4344, CompletionTokens: 891, Cost: $0.00079
2026-02-02 10:10:06,695 - Knowledge - INFO - done ingest for /app/data/T0002/209001/b3686k5/wesnoth-209001/MacOSX/Wesnoth Scenario Editor/WMLMapPoint.m
2026-02-02 10:10:08,328 - Knowledge - INFO - process ingested knowledge for /app/data/T0002/209001/b3686k5/wesnoth-209001/MacOSX/Wesnoth Scenario Editor/WNMapView.m
2026-02-02 10:10:08,670 - Knowledge - INFO - [LLM_CALL] Completed: WNUnits.m:chunk1, Duration: 55693ms, PromptTokens: 3404, CompletionTokens: 731, Cost: $0.00063
2026-02-02 10:10:08,685 - Knowledge - INFO - done ingest for /app/data/T0002/209001/b3686k5/wesnoth-209001/MacOSX/Wesnoth Scenario Editor/WNUnits.m
2026-02-02 10:10:09,882 - Knowledge - INFO - [LLM_CALL] Completed: printf.c:chunk1, Duration: 28787ms, PromptTokens: 5222, CompletionTokens: 507, Cost: $0.00072
2026-02-02 10:10:09,964 - Knowledge - INFO - done ingest for /app/data/T0002/209001/b3686k5/wesnoth-209001/MacOSX/intl/printf.c
2026-02-02 10:10:11,285 - Knowledge - INFO - Processing batch of 4 files
2026-02-02 10:10:11,322 - Knowledge - INFO - process ingested knowledge for /app/data/T0002/209001/b3686k5/wesnoth-209001/MacOSX/intl/relocatable.h
2026-02-02 10:10:11,564 - Knowledge - INFO - [LLM_CALL] Completed: loadinfo.h:chunk1, Duration: 29405ms, PromptTokens: 3756, CompletionTokens: 456, Cost: $0.00056
2026-02-02 10:10:11,639 - Knowledge - INFO - done ingest for /app/data/T0002/209001/b3686k5/wesnoth-209001/MacOSX/intl/loadinfo.h
2026-02-02 10:10:12,024 - Knowledge - INFO - [LLM_CALL] Completed: explodename.c:chunk1, Duration: 12460ms, PromptTokens: 3622, CompletionTokens: 270, Cost: $0.00047
2026-02-02 10:10:12,048 - Knowledge - INFO - done ingest for /app/data/T0002/209001/b3686k5/wesnoth-209001/MacOSX/intl/explodename.c
2026-02-02 10:10:12,638 - Knowledge - INFO - [LLM_CALL] Completed: printf-args.c:chunk1, Duration: 19063ms, PromptTokens: 2552, CompletionTokens: 195, Cost: $0.00033
2026-02-02 10:10:12,676 - Knowledge - INFO - done ingest for /app/data/T0002/209001/b3686k5/wesnoth-209001/MacOSX/intl/printf-args.c
2026-02-02 10:10:12,929 - Knowledge - INFO - process ingested knowledge for /app/data/T0002/209001/b3686k5/wesnoth-209001/MacOSX/intl/osdep.c
2026-02-02 10:10:13,090 - Knowledge - INFO - [WEBSOCKET] Sent: Type=progress_update, Size: 293, Duration: 0ms
2026-02-02 10:10:13,190 - Knowledge - INFO - [WEBSOCKET] Sent: Type=unknown, Size: ?, Duration: 100ms
2026-02-02 10:10:13,234 - Knowledge - INFO - Progress: 90.5% | Files: 430/474 | Rate: 0.77 files/sec | Queue: 0
2026-02-02 10:10:13,458 - Knowledge - INFO - [LLM_CALL] Completed: loadmsgcat.c:chunk1, Duration: 35220ms, PromptTokens: 23904, CompletionTokens: 584, Cost: $0.00262
2026-02-02 10:10:13,484 - Knowledge - INFO - done ingest for /app/data/T0002/209001/b3686k5/wesnoth-209001/MacOSX/intl/loadmsgcat.c
2026-02-02 10:10:13,722 - Knowledge - INFO - Processing batch of 4 files
2026-02-02 10:10:13,722 - Knowledge - INFO - process ingested knowledge for /app/data/T0002/209001/b3686k5/wesnoth-209001/MacOSX/Wesnoth Scenario Editor/WNTeamList.m
2026-02-02 10:10:14,514 - Knowledge - INFO - process ingested knowledge for /app/data/T0002/209001/b3686k5/wesnoth-209001/MacOSX/intl/printf-parse.c
2026-02-02 10:10:14,515 - Knowledge - INFO - process ingested knowledge for /app/data/T0002/209001/b3686k5/wesnoth-209001/MacOSX/intl/vasnprintf.c
2026-02-02 10:10:14,701 - Knowledge - INFO - Processing batch of 4 files
2026-02-02 10:10:14,769 - Knowledge - INFO - process ingested knowledge for /app/data/T0002/209001/b3686k5/wesnoth-209001/MacOSX/Wesnoth Scenario Editor/WMLMapPoint.m
2026-02-02 10:10:14,945 - Knowledge - INFO - process ingested knowledge for /app/data/T0002/209001/b3686k5/wesnoth-209001/MacOSX/Wesnoth Scenario Editor/WNEventMapView.m
2026-02-02 10:10:15,339 - Knowledge - INFO - [LLM_CALL] Completed: finddomain.c:chunk1, Duration: 32533ms, PromptTokens: 3812, CompletionTokens: 312, Cost: $0.00051
2026-02-02 10:10:15,345 - Knowledge - INFO - done ingest for /app/data/T0002/209001/b3686k5/wesnoth-209001/MacOSX/intl/finddomain.c
2026-02-02 10:10:15,749 - Knowledge - INFO - [LLM_CALL] Completed: textdomain.c:chunk1, Duration: 22327ms, PromptTokens: 3028, CompletionTokens: 270, Cost: $0.00041
2026-02-02 10:10:15,759 - Knowledge - INFO - done ingest for /app/data/T0002/209001/b3686k5/wesnoth-209001/MacOSX/intl/textdomain.c
2026-02-02 10:10:16,110 - Knowledge - INFO - process ingested knowledge for /app/data/T0002/209001/b3686k5/wesnoth-209001/MacOSX/Wesnoth Scenario Editor/WNTerrains.h
2026-02-02 10:10:16,766 - Knowledge - INFO - [LLM_CALL] Completed: localcharset.c:chunk1, Duration: 25231ms, PromptTokens: 7260, CompletionTokens: 322, Cost: $0.00085
2026-02-02 10:10:16,786 - Knowledge - INFO - done ingest for /app/data/T0002/209001/b3686k5/wesnoth-209001/MacOSX/intl/localcharset.c
2026-02-02 10:10:17,218 - Knowledge - INFO - [LLM_CALL] Completed: bindtextdom.c:chunk1, Duration: 17291ms, PromptTokens: 6050, CompletionTokens: 360, Cost: $0.00075
2026-02-02 10:10:17,282 - Knowledge - INFO - done ingest for /app/data/T0002/209001/b3686k5/wesnoth-209001/MacOSX/intl/bindtextdom.c
2026-02-02 10:10:17,374 - Knowledge - INFO - process ingested knowledge for /app/data/T0002/209001/b3686k5/wesnoth-209001/MacOSX/Wesnoth Scenario Editor/WNCampaign.h
2026-02-02 10:10:17,444 - Knowledge - INFO - [LLM_CALL] Completed: libgnuintl.h:chunk1, Duration: 23321ms, PromptTokens: 7358, CompletionTokens: 372, Cost: $0.00088
2026-02-02 10:10:17,494 - Knowledge - INFO - done ingest for /app/data/T0002/209001/b3686k5/wesnoth-209001/MacOSX/intl/libgnuintl.h
2026-02-02 10:10:17,968 - Knowledge - INFO - process ingested knowledge for /app/data/T0002/209001/b3686k5/wesnoth-209001/MacOSX/Wesnoth Scenario Editor/WMLSideDetail.m
2026-02-02 10:10:18,080 - Knowledge - INFO - [LLM_CALL] Completed: plural.c:chunk1, Duration: 23781ms, PromptTokens: 24950, CompletionTokens: 419, Cost: $0.00266
2026-02-02 10:10:18,080 - Knowledge - INFO - done ingest for /app/data/T0002/209001/b3686k5/wesnoth-209001/MacOSX/intl/plural.c
2026-02-02 10:10:18,884 - Knowledge - INFO - process ingested knowledge for /app/data/T0002/209001/b3686k5/wesnoth-209001/MacOSX/Wesnoth Scenario Editor/WNUnits.m
2026-02-02 10:10:19,007 - Knowledge - INFO - Processing batch of 4 files
2026-02-02 10:10:19,017 - Knowledge - INFO - process ingested knowledge for /app/data/T0002/209001/b3686k5/wesnoth-209001/MacOSX/intl/vasnwprintf.h
2026-02-02 10:10:20,265 - Knowledge - INFO - process ingested knowledge for /app/data/T0002/209001/b3686k5/wesnoth-209001/MacOSX/Wesnoth Scenario Editor/WNIconListView.h
2026-02-02 10:10:20,358 - Knowledge - INFO - process ingested knowledge for /app/data/T0002/209001/b3686k5/wesnoth-209001/MacOSX/intl/libintl.h
2026-02-02 10:10:21,362 - Knowledge - INFO - [WEBSOCKET] Sent: Type=progress_update, Size: 291, Duration: 0ms
2026-02-02 10:10:21,372 - Knowledge - INFO - [WEBSOCKET] Sent: Type=unknown, Size: ?, Duration: 10ms
2026-02-02 10:10:21,378 - Knowledge - INFO - Progress: 93.5% | Files: 443/474 | Rate: 0.78 files/sec | Queue: 0
2026-02-02 10:10:21,798 - Knowledge - INFO - process ingested knowledge for /app/data/T0002/209001/b3686k5/wesnoth-209001/MacOSX/intl/printf.c
2026-02-02 10:10:21,923 - Knowledge - INFO - Processing batch of 4 files
2026-02-02 10:10:21,939 - Knowledge - INFO - process ingested knowledge for /app/data/T0002/209001/b3686k5/wesnoth-209001/MacOSX/intl/os2compat.h
2026-02-02 10:10:22,056 - Knowledge - INFO - Processing batch of 4 files
2026-02-02 10:10:22,056 - Knowledge - INFO - process ingested knowledge for /app/data/T0002/209001/b3686k5/wesnoth-209001/MacOSX/intl/plural-exp.h
2026-02-02 10:10:22,078 - Knowledge - INFO - [LLM_CALL] Completed: xsize.h:chunk1, Duration: 27071ms, PromptTokens: 2708, CompletionTokens: 341, Cost: $0.00041
2026-02-02 10:10:22,096 - Knowledge - INFO - done ingest for /app/data/T0002/209001/b3686k5/wesnoth-209001/MacOSX/intl/xsize.h
2026-02-02 10:10:22,943 - Knowledge - INFO - process ingested knowledge for /app/data/T0002/209001/b3686k5/wesnoth-209001/MacOSX/intl/ngettext.c
2026-02-02 10:10:23,083 - Knowledge - INFO - [LLM_CALL] Completed: gmo.h:chunk1, Duration: 29423ms, PromptTokens: 3290, CompletionTokens: 176, Cost: $0.00040
2026-02-02 10:10:23,144 - Knowledge - INFO - done ingest for /app/data/T0002/209001/b3686k5/wesnoth-209001/MacOSX/intl/gmo.h
2026-02-02 10:10:23,185 - Knowledge - INFO - process ingested knowledge for /app/data/T0002/209001/b3686k5/wesnoth-209001/MacOSX/intl/loadmsgcat.c
2026-02-02 10:10:25,676 - Knowledge - INFO - process ingested knowledge for /app/data/T0002/209001/b3686k5/wesnoth-209001/MacOSX/intl/textdomain.c
2026-02-02 10:10:25,822 - Knowledge - INFO - Processing batch of 4 files
2026-02-02 10:10:25,838 - Knowledge - INFO - Processing batch of 4 files
2026-02-02 10:10:25,845 - Knowledge - INFO - process ingested knowledge for /app/data/T0002/209001/b3686k5/wesnoth-209001/MacOSX/intl/printf-args.c
2026-02-02 10:10:25,890 - Knowledge - INFO - process ingested knowledge for /app/data/T0002/209001/b3686k5/wesnoth-209001/MacOSX/intl/dcgettext.c
2026-02-02 10:10:26,021 - Knowledge - INFO - [LLM_CALL] Completed: intl-compat.c:chunk1, Duration: 31190ms, PromptTokens: 2536, CompletionTokens: 618, Cost: $0.00050
2026-02-02 10:10:26,038 - Knowledge - INFO - done ingest for /app/data/T0002/209001/b3686k5/wesnoth-209001/MacOSX/intl/intl-compat.c
2026-02-02 10:10:26,250 - Knowledge - INFO - [LLM_CALL] Completed: l10nflist.c:chunk1, Duration: 33786ms, PromptTokens: 8210, CompletionTokens: 331, Cost: $0.00095
2026-02-02 10:10:26,278 - Knowledge - INFO - done ingest for /app/data/T0002/209001/b3686k5/wesnoth-209001/MacOSX/intl/l10nflist.c
2026-02-02 10:10:26,318 - Knowledge - INFO - [LLM_CALL] Completed: plural-exp.c:chunk1, Duration: 26516ms, PromptTokens: 3048, CompletionTokens: 235, Cost: $0.00040
2026-02-02 10:10:26,318 - Knowledge - INFO - done ingest for /app/data/T0002/209001/b3686k5/wesnoth-209001/MacOSX/intl/plural-exp.c
2026-02-02 10:10:26,446 - Knowledge - INFO - process ingested knowledge for /app/data/T0002/209001/b3686k5/wesnoth-209001/MacOSX/intl/wprintf-parse.h
2026-02-02 10:10:27,170 - Knowledge - INFO - process ingested knowledge for /app/data/T0002/209001/b3686k5/wesnoth-209001/MacOSX/intl/plural.c
2026-02-02 10:10:27,249 - Knowledge - INFO - process ingested knowledge for /app/data/T0002/209001/b3686k5/wesnoth-209001/MacOSX/intl/hash-string.h
2026-02-02 10:10:27,287 - Knowledge - INFO - [WEBSOCKET] Sent: Type=progress_update, Size: 273, Duration: 0ms
2026-02-02 10:10:27,314 - Knowledge - INFO - [WEBSOCKET] Sent: Type=unknown, Size: ?, Duration: 27ms
2026-02-02 10:10:27,372 - Knowledge - INFO - Progress: 95.6% | Files: 453/474 | Rate: 0.80 files/sec | Queue: 0
2026-02-02 10:10:27,780 - Knowledge - INFO - [LLM_CALL] Completed: WMLScenario.m:chunk1, Duration: 51953ms, PromptTokens: 7430, CompletionTokens: 1342, Cost: $0.00128
2026-02-02 10:10:27,800 - Knowledge - INFO - done ingest for /app/data/T0002/209001/b3686k5/wesnoth-209001/MacOSX/Wesnoth Scenario Editor/WMLScenario.m
2026-02-02 10:10:28,460 - Knowledge - INFO - process ingested knowledge for /app/data/T0002/209001/b3686k5/wesnoth-209001/MacOSX/intl/printf-args.h
2026-02-02 10:10:28,573 - Knowledge - INFO - process ingested knowledge for /app/data/T0002/209001/b3686k5/wesnoth-209001/MacOSX/intl/dngettext.c
2026-02-02 10:10:28,601 - Knowledge - INFO - process ingested knowledge for /app/data/T0002/209001/b3686k5/wesnoth-209001/MacOSX/intl/libgnuintl.h
2026-02-02 10:10:28,858 - Knowledge - INFO - Processing batch of 4 files
2026-02-02 10:10:28,859 - Knowledge - INFO - process ingested knowledge for /app/data/T0002/209001/b3686k5/wesnoth-209001/MacOSX/intl/loadinfo.h
2026-02-02 10:10:29,271 - Knowledge - INFO - process ingested knowledge for /app/data/T0002/209001/b3686k5/wesnoth-209001/MacOSX/intl/localename.c
2026-02-02 10:10:29,486 - Knowledge - INFO - process ingested knowledge for /app/data/T0002/209001/b3686k5/wesnoth-209001/MacOSX/intl/vasnprintf.h
2026-02-02 10:10:29,572 - Knowledge - INFO - [LLM_CALL] Completed: relocatable.c:chunk1, Duration: 23469ms, PromptTokens: 7650, CompletionTokens: 505, Cost: $0.00097
2026-02-02 10:10:29,588 - Knowledge - INFO - done ingest for /app/data/T0002/209001/b3686k5/wesnoth-209001/MacOSX/intl/relocatable.c
2026-02-02 10:10:29,860 - Knowledge - INFO - [LLM_CALL] Completed: gettextP.h:chunk1, Duration: 29222ms, PromptTokens: 4166, CompletionTokens: 547, Cost: $0.00064
2026-02-02 10:10:29,866 - Knowledge - INFO - done ingest for /app/data/T0002/209001/b3686k5/wesnoth-209001/MacOSX/intl/gettextP.h
2026-02-02 10:10:30,186 - Knowledge - INFO - [LLM_CALL] Completed: localealias.c:chunk1, Duration: 24844ms, PromptTokens: 6500, CompletionTokens: 403, Cost: $0.00081
2026-02-02 10:10:30,234 - Knowledge - INFO - done ingest for /app/data/T0002/209001/b3686k5/wesnoth-209001/MacOSX/intl/localealias.c
2026-02-02 10:10:30,372 - Knowledge - INFO - process ingested knowledge for /app/data/T0002/209001/b3686k5/wesnoth-209001/MacOSX/intl/bindtextdom.c
2026-02-02 10:10:30,395 - Knowledge - INFO - process ingested knowledge for /app/data/T0002/209001/b3686k5/wesnoth-209001/MacOSX/intl/printf-parse.h
2026-02-02 10:10:30,563 - Knowledge - INFO - [LLM_CALL] Completed: dcigettext.c:chunk1, Duration: 38473ms, PromptTokens: 19296, CompletionTokens: 809, Cost: $0.00225
2026-02-02 10:10:30,579 - Knowledge - INFO - done ingest for /app/data/T0002/209001/b3686k5/wesnoth-209001/MacOSX/intl/dcigettext.c
2026-02-02 10:10:30,882 - Knowledge - INFO - process ingested knowledge for /app/data/T0002/209001/b3686k5/wesnoth-209001/MacOSX/intl/log.c
2026-02-02 10:10:31,635 - Knowledge - INFO - process ingested knowledge for /app/data/T0002/209001/b3686k5/wesnoth-209001/MacOSX/intl/finddomain.c
2026-02-02 10:10:32,465 - Knowledge - INFO - process ingested knowledge for /app/data/T0002/209001/b3686k5/wesnoth-209001/MacOSX/intl/dgettext.c
2026-02-02 10:10:33,038 - Knowledge - INFO - Processing batch of 4 files
2026-02-02 10:10:33,047 - Knowledge - INFO - process ingested knowledge for /app/data/T0002/209001/b3686k5/wesnoth-209001/MacOSX/intl/gmo.h
2026-02-02 10:10:33,163 - Knowledge - INFO - process ingested knowledge for /app/data/T0002/209001/b3686k5/wesnoth-209001/MacOSX/intl/os2compat.c
2026-02-02 10:10:35,023 - Knowledge - INFO - process ingested knowledge for /app/data/T0002/209001/b3686k5/wesnoth-209001/MacOSX/intl/intl-compat.c
2026-02-02 10:10:35,024 - Knowledge - INFO - process ingested knowledge for /app/data/T0002/209001/b3686k5/wesnoth-209001/MacOSX/intl/xsize.h
2026-02-02 10:10:36,030 - Knowledge - INFO - Processing batch of 4 files
2026-02-02 10:10:36,036 - Knowledge - INFO - process ingested knowledge for /app/data/T0002/209001/b3686k5/wesnoth-209001/MacOSX/intl/localcharset.c
2026-02-02 10:10:36,647 - Knowledge - INFO - process ingested knowledge for /app/data/T0002/209001/b3686k5/wesnoth-209001/MacOSX/intl/dcigettext.c
2026-02-02 10:10:37,442 - Knowledge - INFO - Processing batch of 4 files
2026-02-02 10:10:37,450 - Knowledge - INFO - process ingested knowledge for /app/data/T0002/209001/b3686k5/wesnoth-209001/MacOSX/intl/explodename.c
2026-02-02 10:10:37,475 - Knowledge - INFO - process ingested knowledge for /app/data/T0002/209001/b3686k5/wesnoth-209001/MacOSX/intl/gettext.c
2026-02-02 10:10:37,498 - Knowledge - INFO - [WEBSOCKET] Sent: Type=progress_update, Size: 273, Duration: 0ms
2026-02-02 10:10:37,527 - Knowledge - INFO - Processing batch of 4 files
2026-02-02 10:10:37,560 - Knowledge - INFO - process ingested knowledge for /app/data/T0002/209001/b3686k5/wesnoth-209001/MacOSX/intl/localealias.c
2026-02-02 10:10:37,560 - Knowledge - INFO - [WEBSOCKET] Sent: Type=unknown, Size: ?, Duration: 63ms
2026-02-02 10:10:37,584 - Knowledge - INFO - Progress: 99.2% | Files: 470/474 | Rate: 0.81 files/sec | Queue: 0
2026-02-02 10:10:37,762 - Knowledge - INFO - process ingested knowledge for /app/data/T0002/209001/b3686k5/wesnoth-209001/MacOSX/intl/localcharset.h
2026-02-02 10:10:38,163 - Knowledge - INFO - process ingested knowledge for /app/data/T0002/209001/b3686k5/wesnoth-209001/MacOSX/intl/l10nflist.c
2026-02-02 10:10:38,215 - Knowledge - INFO - process ingested knowledge for /app/data/T0002/209001/b3686k5/wesnoth-209001/MacOSX/intl/eval-plural.h
2026-02-02 10:10:38,531 - Knowledge - INFO - process ingested knowledge for /app/data/T0002/209001/b3686k5/wesnoth-209001/MacOSX/intl/plural-exp.c
2026-02-02 10:10:38,532 - Knowledge - INFO - process ingested knowledge for /app/data/T0002/209001/b3686k5/wesnoth-209001/MacOSX/intl/gettextP.h
2026-02-02 10:10:40,858 - Knowledge - INFO - process ingested knowledge for /app/data/T0002/209001/b3686k5/wesnoth-209001/MacOSX/intl/dcngettext.c
2026-02-02 10:10:41,638 - Knowledge - INFO - process ingested knowledge for /app/data/T0002/209001/b3686k5/wesnoth-209001/MacOSX/intl/relocatable.c
2026-02-02 10:11:05,675 - Knowledge - WARNING - Timeout processing /app/data/T0002/209001/b3686k5/wesnoth-209001/MacOSX/Wesnoth Scenario Editor/WNLoadSave.m after 90s - using fallback metadata
2026-02-02 10:11:05,764 - Knowledge - INFO - Processing batch of 4 files
2026-02-02 10:11:05,765 - Knowledge - INFO - process ingested knowledge for /app/data/T0002/209001/b3686k5/wesnoth-209001/MacOSX/Wesnoth Scenario Editor/WMLHelp.txt
2026-02-02 10:11:05,767 - Knowledge - INFO - process ingested knowledge for /app/data/T0002/209001/b3686k5/wesnoth-209001/MacOSX/Wesnoth Scenario Editor/WMLScenario.m
2026-02-02 10:11:05,771 - Knowledge - INFO - process ingested knowledge for /app/data/T0002/209001/b3686k5/wesnoth-209001/MacOSX/Wesnoth Scenario Editor/WNLeaderListView.h
2026-02-02 10:11:05,774 - Knowledge - INFO - process ingested knowledge for /app/data/T0002/209001/b3686k5/wesnoth-209001/MacOSX/Wesnoth Scenario Editor/WNLoadSave.m
2026-02-02 10:11:06,332 - Knowledge - INFO - Knowledge creation complete
2026-02-02 10:11:06,340 - Knowledge - INFO - ==================================================
2026-02-02 10:11:06,340 - Knowledge - INFO - KNOWLEDGE GRAPH GENERATION PERFORMANCE SUMMARY
2026-02-02 10:11:06,340 - Knowledge - INFO - ==================================================
2026-02-02 10:11:06,341 - Knowledge - INFO - Total processing time: 610.59 seconds (10.18 minutes)
2026-02-02 10:11:06,341 - Knowledge - INFO - Files processed: 0
2026-02-02 10:11:06,341 - Knowledge - INFO - Processing rate: 0.00 files/second
2026-02-02 10:11:06,342 - Knowledge - INFO - 
[TIME_BREAKDOWN]
2026-02-02 10:11:06,342 - Knowledge - INFO - File Reading: 0.00s (0.0%)
2026-02-02 10:11:06,343 - Knowledge - INFO - LLM Processing: 17440.69s (2856.4%)
2026-02-02 10:11:06,343 - Knowledge - INFO - MongoDB Operations: 0.00s (0.0%)
2026-02-02 10:11:06,343 - Knowledge - INFO - Redis Operations: 0.00s (0.0%)
2026-02-02 10:11:06,343 - Knowledge - INFO - WebSocket Communication: 6.05s (1.0%)
2026-02-02 10:11:06,343 - Knowledge - INFO - 
[LLM_STATS]
2026-02-02 10:11:06,344 - Knowledge - INFO - Total LLM calls: 210
2026-02-02 10:11:06,344 - Knowledge - INFO - Average LLM response time: 83051ms
2026-02-02 10:11:06,344 - Knowledge - INFO - Average prompt tokens: 6677.5
2026-02-02 10:11:06,344 - Knowledge - INFO - Average completion tokens: 728.8
2026-02-02 10:11:06,344 - Knowledge - INFO - Total prompt tokens: 1402270
2026-02-02 10:11:06,345 - Knowledge - INFO - Total completion tokens: 153049
2026-02-02 10:11:06,345 - Knowledge - INFO - Total LLM cost: $0.2014
2026-02-02 10:11:06,345 - Knowledge - INFO - 
[DATABASE_STATS]
2026-02-02 10:11:06,345 - Knowledge - INFO - MongoDB operations: 0
2026-02-02 10:11:06,346 - Knowledge - INFO - Redis operations: 0
2026-02-02 10:11:06,346 - Knowledge - INFO - 
[COMMUNICATION_STATS]
2026-02-02 10:11:06,350 - Knowledge - INFO - WebSocket messages sent: 67
2026-02-02 10:11:06,350 - Knowledge - INFO - Average message size: 145.6 bytes
2026-02-02 10:11:06,352 - Knowledge - INFO - 
[WORKER_STATS]
2026-02-02 10:11:06,353 - Knowledge - INFO - 
[FILE_TYPE_STATS]
2026-02-02 10:11:06,353 - Knowledge - INFO - 
[SLOWEST_FILES]
2026-02-02 10:11:06,354 - Knowledge - INFO - ==================================================
2026-02-02 10:11:06,355 - Knowledge - INFO - ==================================================
2026-02-02 10:11:06,355 - Knowledge - INFO - KNOWLEDGE GRAPH GENERATION PERFORMANCE SUMMARY
2026-02-02 10:11:06,356 - Knowledge - INFO - ==================================================
2026-02-02 10:11:06,356 - Knowledge - INFO - Total processing time: 610.66 seconds (10.18 minutes)
2026-02-02 10:11:06,356 - Knowledge - INFO - Files processed: 474 of 474
2026-02-02 10:11:06,356 - Knowledge - INFO - Processing rate: 0.78 files/second
2026-02-02 10:11:06,357 - Knowledge - INFO - WebSocket messages sent: 33
2026-02-02 10:11:06,357 - Knowledge - INFO - MongoDB operations: 474
2026-02-02 10:11:06,357 - Knowledge - INFO - Average MongoDB ops per file: 1.00
2026-02-02 10:11:06,358 - Knowledge - INFO - LLM costs: $0.2014
2026-02-02 10:11:06,358 - Knowledge - INFO - Prompt tokens: 1402270
2026-02-02 10:11:06,358 - Knowledge - INFO - Completion tokens: 153049
2026-02-02 10:11:06,358 - Knowledge - INFO - Updating org costs, total cost: 0.20144659999999998
2026-02-02 10:11:07,832 - Knowledge - INFO - [WEBSOCKET] Sent: Type=progress_update, Size: 269, Duration: 0ms
2026-02-02 10:11:07,850 - Knowledge - INFO - Saving knowledge to Redis...
2026-02-02 10:11:08,099 - Knowledge - INFO - Knowledge saved to Redis successfully
